2410.382568359375,1003.2786865234375,1868.8524169921875,1149.1802978515625,2409.28955078125,1014.2076416015625,2871.038330078125,1274.8634033203125
2410.382568359375,1003.2786865234375,1868.8524169921875,1149.1802978515625,2409.28955078125,1014.2076416015625,2871.038330078125,1274.8634033203125
2409.28955078125,1005.4644775390625,2078.14208984375,1286.3387451171875,2409.28955078125,1010.3825073242188,2078.14208984375,1281.4207763671875
2413.11474609375,1074.31689453125,799.4535522460938,1297.2677001953125,2409.836181640625,1010.3825073242188,2078.14208984375,1284.699462890625
2413.11474609375,1074.31689453125,799.4535522460938,1297.2677001953125,2409.836181640625,1010.3825073242188,2078.14208984375,1284.699462890625
2413.11474609375,1103.2786865234375,1145.355224609375,1004.37158203125,2410.382568359375,1053.5518798828125,1868.8524169921875,1274.8634033203125
2409.836181640625,1156.2841796875,2521.3115234375,631.6939697265625,2410.382568359375,1074.31689453125,1868.8524169921875,1149.1802978515625
2409.836181640625,1156.2841796875,2521.3115234375,631.6939697265625,2410.382568359375,1074.31689453125,1868.8524169921875,1149.1802978515625
2240.983642578125,2798.360595703125,2126.77587890625,1277.5955810546875,2409.836181640625,1103.2786865234375,2078.14208984375,1277.5955810546875
2412.02197265625,1049.726806640625,2874.86328125,1283.06005859375,2412.02197265625,1103.2786865234375,2126.77587890625,1277.5955810546875
2412.02197265625,1049.726806640625,2874.86328125,1283.06005859375,2412.02197265625,1103.2786865234375,2126.77587890625,1277.5955810546875
2410.382568359375,1009.2896118164062,2842.623046875,532.786865234375,2410.382568359375,1103.2786865234375,2521.3115234375,1004.37158203125
2408.7431640625,1051.3660888671875,2875.409912109375,1242.0765380859375,2409.836181640625,1051.3660888671875,2842.623046875,1242.0765380859375
2408.7431640625,1051.3660888671875,2875.409912109375,1242.0765380859375,2409.836181640625,1051.3660888671875,2842.623046875,1242.0765380859375
2417.486328125,959.0164184570312,2873.7705078125,1295.0819091796875,2410.382568359375,1049.726806640625,2873.7705078125,1277.5955810546875
2418.03271484375,1053.0054931640625,2296.72119140625,1279.7813720703125,2412.02197265625,1049.726806640625,2873.7705078125,1279.7813720703125
2408.7431640625,1230.0546875,2660.109375,442.6229553222656,2410.382568359375,1051.3660888671875,2842.623046875,1242.0765380859375
2408.7431640625,1230.0546875,2660.109375,442.6229553222656,2410.382568359375,1051.3660888671875,2842.623046875,1242.0765380859375
2410.928955078125,1046.4481201171875,1502.185791015625,843.7158203125,2410.928955078125,1051.3660888671875,2660.109375,1242.0765380859375
2214.754150390625,2771.584716796875,1347.541015625,1297.814208984375,2410.928955078125,1053.0054931640625,2296.72119140625,1279.7813720703125
2214.754150390625,2771.584716796875,1347.541015625,1297.814208984375,2410.928955078125,1053.0054931640625,2296.72119140625,1279.7813720703125
2408.19677734375,1055.1912841796875,2829.50830078125,1273.7705078125,2408.7431640625,1055.1912841796875,2296.72119140625,1273.7705078125
2418.579345703125,1008.7431640625,2920.218505859375,1275.4097900390625,2408.7431640625,1055.1912841796875,2660.109375,1273.7705078125
2418.579345703125,1008.7431640625,2920.218505859375,1275.4097900390625,2408.7431640625,1055.1912841796875,2660.109375,1273.7705078125
2409.28955078125,1047.541015625,2874.86328125,1286.3387451171875,2409.28955078125,1047.541015625,2829.50830078125,1275.4097900390625
2412.568359375,1050.8197021484375,2835.51904296875,1285.7923583984375,2409.28955078125,1050.8197021484375,2835.51904296875,1285.7923583984375
2412.568359375,1050.8197021484375,2835.51904296875,1285.7923583984375,2409.28955078125,1050.8197021484375,2835.51904296875,1285.7923583984375
2410.928955078125,1089.617431640625,2869.9453125,750.2732543945312,2410.928955078125,1050.8197021484375,2869.9453125,1275.4097900390625
2408.19677734375,1054.098388671875,2921.3115234375,395.62841796875,2410.928955078125,1050.8197021484375,2874.86328125,1275.4097900390625
2414.754150390625,1051.3660888671875,2841.530029296875,490.71038818359375,2410.928955078125,1051.3660888671875,2869.9453125,750.2732543945312
2414.754150390625,1051.3660888671875,2841.530029296875,490.71038818359375,2410.928955078125,1051.3660888671875,2869.9453125,750.2732543945312
2165.57373046875,2781.96728515625,2562.841552734375,1271.584716796875,2410.928955078125,1054.098388671875,2841.530029296875,750.2732543945312
2410.928955078125,1013.11474609375,1066.6666259765625,878.6885375976562,2410.928955078125,1054.098388671875,2841.530029296875,750.2732543945312
2410.928955078125,1013.11474609375,1066.6666259765625,878.6885375976562,2410.928955078125,1054.098388671875,2841.530029296875,750.2732543945312
2412.02197265625,1037.158447265625,1417.486328125,1279.7813720703125,2410.928955078125,1051.3660888671875,2562.841552734375,878.6885375976562
2413.6611328125,1043.16943359375,2435.51904296875,1299.4534912109375,2412.02197265625,1043.16943359375,2435.51904296875,1271.584716796875
2413.6611328125,1043.16943359375,2435.51904296875,1299.4534912109375,2412.02197265625,1043.16943359375,2435.51904296875,1271.584716796875
2409.836181640625,1049.726806640625,2843.7158203125,1290.1639404296875,2410.928955078125,1043.16943359375,2435.51904296875,1279.7813720703125
2411.475341796875,1022.9508056640625,3100.0,1296.7213134765625,2411.475341796875,1037.158447265625,2435.51904296875,1290.1639404296875
2411.475341796875,1022.9508056640625,3100.0,1296.7213134765625,2411.475341796875,1037.158447265625,2435.51904296875,1290.1639404296875
2412.02197265625,1056.2841796875,2874.31689453125,1244.8087158203125,2412.02197265625,1043.16943359375,2843.7158203125,1290.1639404296875
2414.754150390625,1010.3825073242188,2834.42626953125,403.82513427734375,2412.02197265625,1043.16943359375,2843.7158203125,1290.1639404296875
2414.754150390625,1010.3825073242188,2834.42626953125,403.82513427734375,2412.02197265625,1043.16943359375,2843.7158203125,1290.1639404296875
2344.808837890625,1994.5355224609375,1286.88525390625,973.7705078125,2411.475341796875,1049.726806640625,2843.7158203125,1244.8087158203125
2412.02197265625,1007.6502685546875,2791.2568359375,1281.9671630859375,2412.02197265625,1022.9508056640625,2834.42626953125,1244.8087158203125
2415.300537109375,1021.3114624023438,2873.7705078125,1281.9671630859375,2412.02197265625,1021.3114624023438,2834.42626953125,1244.8087158203125
2415.300537109375,1021.3114624023438,2873.7705078125,1281.9671630859375,2412.02197265625,1021.3114624023438,2834.42626953125,1244.8087158203125
2406.557373046875,1045.901611328125,2445.355224609375,1309.2896728515625,2412.02197265625,1021.3114624023438,2791.2568359375,1281.9671630859375
2413.11474609375,962.2951049804688,1156.2841796875,1296.1748046875,2412.02197265625,1021.3114624023438,2445.355224609375,1281.9671630859375
2413.11474609375,962.2951049804688,1156.2841796875,1296.1748046875,2412.02197265625,1021.3114624023438,2445.355224609375,1281.9671630859375
2415.300537109375,1039.34423828125,1455.1912841796875,1286.3387451171875,2413.11474609375,1021.3114624023438,2445.355224609375,1286.3387451171875
2406.010986328125,1026.2294921875,3093.442626953125,973.2240600585938,2413.11474609375,1026.2294921875,2445.355224609375,1286.3387451171875
2406.010986328125,1026.2294921875,3093.442626953125,973.2240600585938,2413.11474609375,1026.2294921875,2445.355224609375,1286.3387451171875
2412.568359375,1051.3660888671875,2872.131103515625,450.2732238769531,2412.568359375,1039.34423828125,2445.355224609375,1286.3387451171875
2349.726806640625,2046.4481201171875,2872.677490234375,491.2568359375,2412.568359375,1039.34423828125,2872.131103515625,973.2240600585938
2349.726806640625,2046.4481201171875,2872.677490234375,491.2568359375,2412.568359375,1039.34423828125,2872.131103515625,973.2240600585938
2410.382568359375,1048.08740234375,2703.8251953125,1279.2349853515625,2410.382568359375,1048.08740234375,2872.131103515625,973.2240600585938
2416.93994140625,1049.1802978515625,2835.51904296875,1278.14208984375,2410.382568359375,1049.1802978515625,2872.131103515625,973.2240600585938
2415.300537109375,1052.458984375,2882.513671875,1304.9180908203125,2412.568359375,1051.3660888671875,2872.131103515625,1278.14208984375
2415.300537109375,1052.458984375,2882.513671875,1304.9180908203125,2412.568359375,1051.3660888671875,2872.131103515625,1278.14208984375
2408.19677734375,1009.8360595703125,2618.579345703125,624.5901489257812,2410.382568359375,1049.1802978515625,2835.51904296875,1278.14208984375
2409.28955078125,1126.2294921875,1363.387939453125,1298.360595703125,2410.382568359375,1049.1802978515625,2703.8251953125,1279.2349853515625
2409.28955078125,1126.2294921875,1363.387939453125,1298.360595703125,2410.382568359375,1049.1802978515625,2703.8251953125,1279.2349853515625
2412.02197265625,927.3223876953125,1421.3115234375,974.8634033203125,2412.02197265625,1049.1802978515625,2618.579345703125,1278.14208984375
2404.91796875,1046.9945068359375,2036.0655517578125,437.7049255371094,2409.28955078125,1046.9945068359375,2036.0655517578125,974.8634033203125
2404.91796875,1046.9945068359375,2036.0655517578125,437.7049255371094,2409.28955078125,1046.9945068359375,2036.0655517578125,974.8634033203125
2369.39892578125,1318.0328369140625,1506.557373046875,840.4371337890625,2408.19677734375,1046.9945068359375,1506.557373046875,840.4371337890625
2413.11474609375,1077.5955810546875,2873.22412109375,1279.2349853515625,2409.28955078125,1077.5955810546875,1506.557373046875,974.8634033203125
2413.11474609375,1077.5955810546875,2873.22412109375,1279.2349853515625,2409.28955078125,1077.5955810546875,1506.557373046875,974.8634033203125
2413.6611328125,1009.8360595703125,2872.131103515625,1275.4097900390625,2412.02197265625,1046.9945068359375,2036.0655517578125,974.8634033203125
2414.754150390625,1176.502685546875,2844.26220703125,1157.3770751953125,2413.11474609375,1077.5955810546875,2844.26220703125,1157.3770751953125
2410.382568359375,749.7267456054688,2926.77587890625,1250.8197021484375,2413.11474609375,1077.5955810546875,2872.131103515625,1250.8197021484375
2410.382568359375,749.7267456054688,2926.77587890625,1250.8197021484375,2413.11474609375,1077.5955810546875,2872.131103515625,1250.8197021484375
2416.3935546875,1035.5191650390625,2923.497314453125,1284.1529541015625,2413.6611328125,1035.5191650390625,2873.22412109375,1275.4097900390625
2410.928955078125,1051.91259765625,2872.131103515625,1295.0819091796875,2413.6611328125,1035.5191650390625,2872.131103515625,1275.4097900390625
2410.928955078125,1051.91259765625,2872.131103515625,1295.0819091796875,2413.6611328125,1035.5191650390625,2872.131103515625,1275.4097900390625
2411.475341796875,1174.8634033203125,1009.8360595703125,742.0764770507812,2411.475341796875,1051.91259765625,2872.131103515625,1250.8197021484375
2309.836181640625,1426.2294921875,1501.639404296875,1271.584716796875,2410.928955078125,1051.91259765625,2872.131103515625,1271.584716796875
2309.836181640625,1426.2294921875,1501.639404296875,1271.584716796875,2410.928955078125,1051.91259765625,2872.131103515625,1271.584716796875
2410.928955078125,1059.016357421875,2872.131103515625,1278.6884765625,2410.928955078125,1059.016357421875,2872.131103515625,1278.6884765625
2416.3935546875,1055.1912841796875,2873.7705078125,1272.6776123046875,2410.928955078125,1059.016357421875,2872.131103515625,1272.6776123046875
2416.3935546875,1055.1912841796875,2873.7705078125,1272.6776123046875,2410.928955078125,1059.016357421875,2872.131103515625,1272.6776123046875
2410.928955078125,1392.3497314453125,2877.049072265625,1280.874267578125,2410.928955078125,1174.8634033203125,2872.131103515625,1272.6776123046875
2412.02197265625,1060.1092529296875,2869.39892578125,1290.1639404296875,2410.928955078125,1060.1092529296875,2872.131103515625,1278.6884765625
2416.93994140625,1059.5628662109375,2872.131103515625,1290.7103271484375,2412.02197265625,1059.5628662109375,2872.131103515625,1280.874267578125
2416.93994140625,1059.5628662109375,2872.131103515625,1290.7103271484375,2412.02197265625,1059.5628662109375,2872.131103515625,1280.874267578125
2409.836181640625,1055.1912841796875,2875.409912109375,481.96722412109375,2412.02197265625,1059.5628662109375,2873.7705078125,1280.874267578125
2411.475341796875,1055.7376708984375,530.0546264648438,755.1912841796875,2411.475341796875,1059.5628662109375,2872.131103515625,1280.874267578125
2411.475341796875,1055.7376708984375,530.0546264648438,755.1912841796875,2411.475341796875,1059.5628662109375,2872.131103515625,1280.874267578125
2362.295166015625,1275.956298828125,1410.928955078125,1279.7813720703125,2411.475341796875,1059.5628662109375,2869.39892578125,1279.7813720703125
2403.8251953125,834.4262084960938,1677.5955810546875,833.3333129882812,2409.836181640625,1055.7376708984375,1677.5955810546875,833.3333129882812
2403.8251953125,834.4262084960938,1677.5955810546875,833.3333129882812,2409.836181640625,1055.7376708984375,1677.5955810546875,833.3333129882812
2415.846923828125,1049.726806640625,1640.4371337890625,1278.14208984375,2409.836181640625,1055.1912841796875,1640.4371337890625,833.3333129882812
2413.6611328125,2113.6611328125,2843.16943359375,742.0764770507812,2411.475341796875,1055.7376708984375,1640.4371337890625,833.3333129882812
2413.6611328125,2113.6611328125,2843.16943359375,742.0764770507812,2411.475341796875,1055.7376708984375,1640.4371337890625,833.3333129882812
2412.02197265625,1056.83056640625,2871.038330078125,1293.442626953125,2412.02197265625,1056.83056640625,1677.5955810546875,1278.14208984375
2412.568359375,1018.5792236328125,2871.584716796875,502.73223876953125,2412.568359375,1049.726806640625,2843.16943359375,833.3333129882812
2412.568359375,1004.37158203125,2870.49169921875,438.2513732910156,2412.568359375,1049.726806640625,2870.49169921875,742.0764770507812
2412.568359375,1004.37158203125,2870.49169921875,438.2513732910156,2412.568359375,1049.726806640625,2870.49169921875,742.0764770507812
2414.207763671875,1055.7376708984375,1008.1967163085938,746.9945068359375,2412.568359375,1055.7376708984375,2870.49169921875,742.0764770507812
2420.76513671875,1031.1475830078125,2833.8798828125,973.2240600585938,2412.568359375,1031.1475830078125,2870.49169921875,746.9945068359375
2420.76513671875,1031.1475830078125,2833.8798828125,973.2240600585938,2412.568359375,1031.1475830078125,2870.49169921875,746.9945068359375
2414.207763671875,1051.3660888671875,2871.584716796875,1279.2349853515625,2414.207763671875,1031.1475830078125,2870.49169921875,746.9945068359375
2414.207763671875,1053.0054931640625,2081.420654296875,1275.956298828125,2414.207763671875,1051.3660888671875,2833.8798828125,973.2240600585938
2414.207763671875,1053.0054931640625,2081.420654296875,1275.956298828125,2414.207763671875,1051.3660888671875,2833.8798828125,973.2240600585938
2414.754150390625,2238.7978515625,2089.071044921875,1281.9671630859375,2414.207763671875,1053.0054931640625,2089.071044921875,1275.956298828125
2416.93994140625,1024.5902099609375,2566.1201171875,1285.245849609375,2414.754150390625,1051.3660888671875,2566.1201171875,1279.2349853515625
2416.93994140625,1024.5902099609375,2566.1201171875,1285.245849609375,2414.754150390625,1051.3660888671875,2566.1201171875,1279.2349853515625
2414.207763671875,1061.7486572265625,2869.9453125,1246.4481201171875,2414.207763671875,1053.0054931640625,2566.1201171875,1279.2349853515625
2416.3935546875,1011.4754028320312,2834.42626953125,439.8907165527344,2414.754150390625,1053.0054931640625,2566.1201171875,1275.956298828125
2415.300537109375,1003.2786865234375,1101.639404296875,880.8743286132812,2414.754150390625,1053.0054931640625,2566.1201171875,1275.956298828125
2415.300537109375,1003.2786865234375,1101.639404296875,880.8743286132812,2415.300537109375,1024.5902099609375,2566.1201171875,1246.4481201171875
2420.218505859375,1100.0,2870.49169921875,1273.7705078125,2416.3935546875,1024.5902099609375,2834.42626953125,1246.4481201171875
2414.207763671875,1036.612060546875,2832.240478515625,1277.5955810546875,2415.300537109375,1036.612060546875,2834.42626953125,1246.4481201171875
2414.207763671875,1036.612060546875,2832.240478515625,1277.5955810546875,2415.300537109375,1036.612060546875,2834.42626953125,1246.4481201171875
2418.03271484375,1048.08740234375,2392.896240234375,1278.6884765625,2416.3935546875,1036.612060546875,2832.240478515625,1273.7705078125
2411.475341796875,2103.27880859375,2880.327880859375,1185.245849609375,2415.300537109375,1048.08740234375,2832.240478515625,1273.7705078125
2411.475341796875,2103.27880859375,2880.327880859375,1185.245849609375,2415.300537109375,1048.08740234375,2832.240478515625,1273.7705078125
2417.486328125,1001.0928955078125,1063.387939453125,1298.360595703125,2417.486328125,1048.08740234375,2832.240478515625,1277.5955810546875
2414.207763671875,1040.4371337890625,1026.2294921875,706.557373046875,2414.207763671875,1040.4371337890625,2392.896240234375,1277.5955810546875
2414.207763671875,1040.4371337890625,1026.2294921875,706.557373046875,2414.207763671875,1040.4371337890625,2392.896240234375,1277.5955810546875
2410.382568359375,1057.3770751953125,2258.469970703125,505.4644775390625,2414.207763671875,1048.08740234375,2258.469970703125,1185.245849609375
2412.02197265625,1056.83056640625,2872.677490234375,530.0546264648438,2412.02197265625,1056.83056640625,2258.469970703125,706.557373046875
2412.02197265625,1056.83056640625,2872.677490234375,530.0546264648438,2412.02197265625,1056.83056640625,2258.469970703125,706.557373046875
2311.475341796875,2515.300537109375,2480.327880859375,1275.956298828125,2412.02197265625,1056.83056640625,2258.469970703125,706.557373046875
2414.754150390625,1050.8197021484375,2869.9453125,1279.2349853515625,2412.02197265625,1056.83056640625,2480.327880859375,706.557373046875
2415.846923828125,1023.4972534179688,3542.076416015625,1288.5245361328125,2412.02197265625,1056.83056640625,2869.9453125,1275.956298828125
2415.846923828125,1023.4972534179688,3542.076416015625,1288.5245361328125,2412.02197265625,1056.83056640625,2869.9453125,1275.956298828125
2150.819580078125,2721.3115234375,2871.584716796875,1281.4207763671875,2412.02197265625,1056.83056640625,2871.584716796875,1279.2349853515625
2420.218505859375,1053.0054931640625,2875.409912109375,1284.1529541015625,2414.754150390625,1053.0054931640625,2871.584716796875,1281.4207763671875
2420.218505859375,1053.0054931640625,2875.409912109375,1284.1529541015625,2414.754150390625,1053.0054931640625,2871.584716796875,1281.4207763671875
2414.754150390625,787.4317016601562,1546.4481201171875,940.9835815429688,2414.754150390625,1050.8197021484375,2871.584716796875,1281.4207763671875
2410.928955078125,1053.5518798828125,2837.704833984375,1039.8907470703125,2414.754150390625,1053.0054931640625,2871.584716796875,1281.4207763671875
2410.928955078125,1053.5518798828125,2837.704833984375,1039.8907470703125,2414.754150390625,1053.0054931640625,2871.584716796875,1281.4207763671875
2411.475341796875,1045.355224609375,2871.584716796875,489.071044921875,2411.475341796875,1053.0054931640625,2871.584716796875,1039.8907470703125
2416.93994140625,1226.7760009765625,1900.0,878.6885375976562,2414.754150390625,1053.0054931640625,2837.704833984375,940.9835815429688
2416.93994140625,1226.7760009765625,1900.0,878.6885375976562,2414.754150390625,1053.0054931640625,2837.704833984375,940.9835815429688
2415.300537109375,1010.928955078125,2396.72119140625,1279.7813720703125,2414.754150390625,1045.355224609375,2396.72119140625,940.9835815429688
2418.579345703125,1043.16943359375,2872.677490234375,1291.2568359375,2415.300537109375,1045.355224609375,2837.704833984375,1039.8907470703125
2348.6337890625,2815.846923828125,2876.502685546875,1065.02734375,2415.300537109375,1045.355224609375,2871.584716796875,1065.02734375
2348.6337890625,2815.846923828125,2876.502685546875,1065.02734375,2415.300537109375,1045.355224609375,2871.584716796875,1065.02734375
2413.11474609375,1007.6502685546875,2874.31689453125,1015.8469848632812,2415.300537109375,1043.16943359375,2872.677490234375,1065.02734375
2420.218505859375,1062.841552734375,2872.131103515625,1204.37158203125,2415.300537109375,1043.16943359375,2872.677490234375,1204.37158203125
2420.218505859375,1062.841552734375,2872.131103515625,1204.37158203125,2415.300537109375,1043.16943359375,2872.677490234375,1204.37158203125
2416.93994140625,1047.541015625,2870.49169921875,1254.098388671875,2416.93994140625,1047.541015625,2872.677490234375,1204.37158203125
2412.568359375,1002.7322387695312,2386.88525390625,532.786865234375,2413.11474609375,1047.541015625,2872.131103515625,1065.02734375
2412.568359375,1002.7322387695312,2386.88525390625,532.786865234375,2413.11474609375,1047.541015625,2872.131103515625,1065.02734375
2424.043701171875,1060.65576171875,1903.2786865234375,1285.7923583984375,2416.93994140625,1047.541015625,2870.49169921875,1204.37158203125
2415.300537109375,1064.4808349609375,1234.97265625,1274.31689453125,2416.93994140625,1060.65576171875,2386.88525390625,1254.098388671875
2415.300537109375,1064.4808349609375,1234.97265625,1274.31689453125,2416.93994140625,1060.65576171875,2386.88525390625,1254.098388671875
2415.846923828125,1038.2513427734375,1586.88525390625,1284.1529541015625,2415.846923828125,1047.541015625,1903.2786865234375,1274.31689453125
2337.158447265625,2560.65576171875,2873.7705078125,1284.1529541015625,2415.300537109375,1060.65576171875,1903.2786865234375,1284.1529541015625
2418.03271484375,1053.0054931640625,2873.7705078125,1289.071044921875,2415.846923828125,1060.65576171875,1903.2786865234375,1284.1529541015625
2418.03271484375,1053.0054931640625,2873.7705078125,1289.071044921875,2415.846923828125,1060.65576171875,1903.2786865234375,1284.1529541015625
2417.486328125,1050.8197021484375,2831.694091796875,586.3388061523438,2415.846923828125,1053.0054931640625,2831.694091796875,1284.1529541015625
2416.93994140625,1053.0054931640625,2835.51904296875,1304.37158203125,2416.93994140625,1053.0054931640625,2835.51904296875,1284.1529541015625
2416.93994140625,1053.0054931640625,2835.51904296875,1304.37158203125,2416.93994140625,1053.0054931640625,2835.51904296875,1284.1529541015625
2415.846923828125,1049.726806640625,2871.038330078125,755.1912841796875,2416.93994140625,1053.0054931640625,2871.038330078125,1284.1529541015625
2320.218505859375,2728.415283203125,1331.1475830078125,618.0327758789062,2416.93994140625,1053.0054931640625,2835.51904296875,755.1912841796875
2320.218505859375,2728.415283203125,1331.1475830078125,618.0327758789062,2416.93994140625,1053.0054931640625,2835.51904296875,755.1912841796875
2413.6611328125,1005.4644775390625,2568.8525390625,1276.502685546875,2415.846923828125,1050.8197021484375,2831.694091796875,755.1912841796875
2417.486328125,1018.0327758789062,2870.49169921875,1234.42626953125,2415.846923828125,1049.726806640625,2835.51904296875,1234.42626953125
2417.486328125,1018.0327758789062,2870.49169921875,1234.42626953125,2415.846923828125,1049.726806640625,2835.51904296875,1234.42626953125
2356.2841796875,1256.83056640625,1817.486328125,1280.874267578125,2413.6611328125,1049.726806640625,2568.8525390625,1234.42626953125
2418.03271484375,1044.8087158203125,2080.327880859375,1297.2677001953125,2413.6611328125,1044.8087158203125,2080.327880859375,1276.502685546875
2417.486328125,1012.5682983398438,2873.22412109375,1246.9945068359375,2417.486328125,1018.0327758789062,2568.8525390625,1276.502685546875
2417.486328125,1012.5682983398438,2873.22412109375,1246.9945068359375,2417.486328125,1018.0327758789062,2568.8525390625,1276.502685546875
2409.836181640625,1059.5628662109375,2873.7705078125,600.0,2417.486328125,1044.8087158203125,2870.49169921875,1246.9945068359375
2412.568359375,1053.0054931640625,2873.22412109375,442.6229553222656,2412.568359375,1053.0054931640625,2873.22412109375,1246.9945068359375
2412.568359375,1053.0054931640625,2873.22412109375,442.6229553222656,2412.568359375,1053.0054931640625,2873.22412109375,1246.9945068359375
2423.497314453125,1122.9508056640625,2527.868896484375,1275.4097900390625,2417.486328125,1053.0054931640625,2873.22412109375,1246.9945068359375
2414.207763671875,1051.91259765625,2832.240478515625,1274.8634033203125,2414.207763671875,1053.0054931640625,2873.22412109375,1246.9945068359375
2414.207763671875,1051.91259765625,2832.240478515625,1274.8634033203125,2414.207763671875,1053.0054931640625,2873.22412109375,1246.9945068359375
2420.76513671875,1059.016357421875,2874.31689453125,969.39892578125,2414.207763671875,1059.016357421875,2873.22412109375,969.39892578125
2360.65576171875,2640.437255859375,2842.623046875,1282.513671875,2414.207763671875,1059.016357421875,2842.623046875,1274.8634033203125
2360.65576171875,2640.437255859375,2842.623046875,1282.513671875,2414.207763671875,1059.016357421875,2842.623046875,1274.8634033203125
2413.6611328125,1055.7376708984375,613.11474609375,1286.88525390625,2414.207763671875,1059.016357421875,2832.240478515625,1275.4097900390625
2414.754150390625,1041.530029296875,1900.0,497.26776123046875,2414.207763671875,1055.7376708984375,2832.240478515625,1274.8634033203125
2414.754150390625,1010.928955078125,2304.37158203125,621.85791015625,2414.754150390625,1055.7376708984375,2304.37158203125,969.39892578125
2414.754150390625,1010.928955078125,2304.37158203125,621.85791015625,2414.754150390625,1055.7376708984375,2304.37158203125,969.39892578125
2415.300537109375,1013.11474609375,2832.786865234375,655.7377319335938,2414.754150390625,1041.530029296875,2304.37158203125,655.7377319335938
2418.03271484375,1015.8469848632812,2659.016357421875,1274.31689453125,2414.754150390625,1015.8469848632812,2304.37158203125,655.7377319335938
2418.03271484375,1015.8469848632812,2659.016357421875,1274.31689453125,2414.754150390625,1015.8469848632812,2304.37158203125,655.7377319335938
2414.207763671875,1012.0218505859375,2839.34423828125,1279.7813720703125,2414.754150390625,1013.11474609375,2659.016357421875,655.7377319335938
2416.93994140625,1003.2786865234375,2789.071044921875,1277.0491943359375,2415.300537109375,1012.0218505859375,2789.071044921875,1274.31689453125
2416.93994140625,1003.2786865234375,2789.071044921875,1277.0491943359375,2415.300537109375,1012.0218505859375,2789.071044921875,1274.31689453125
2344.26220703125,2773.7705078125,2876.502685546875,1296.7213134765625,2415.300537109375,1013.11474609375,2832.786865234375,1277.0491943359375
2415.846923828125,1051.91259765625,2342.076416015625,1289.617431640625,2415.846923828125,1015.8469848632812,2789.071044921875,1279.7813720703125
2415.846923828125,1051.91259765625,2342.076416015625,1289.617431640625,2415.846923828125,1015.8469848632812,2789.071044921875,1279.7813720703125
2421.3115234375,1053.0054931640625,2740.437255859375,1018.5792236328125,2415.846923828125,1051.91259765625,2789.071044921875,1279.7813720703125
2412.568359375,941.530029296875,1418.0328369140625,593.9890747070312,2415.846923828125,1051.91259765625,2740.437255859375,1277.0491943359375
2414.754150390625,1040.4371337890625,1812.568359375,1280.874267578125,2414.754150390625,1051.91259765625,2342.076416015625,1280.874267578125
2414.754150390625,1040.4371337890625,1812.568359375,1280.874267578125,2414.754150390625,1051.91259765625,2342.076416015625,1280.874267578125
2322.950927734375,1446.4481201171875,2832.786865234375,1287.9781494140625,2414.754150390625,1051.91259765625,2342.076416015625,1280.874267578125
2415.300537109375,1183.06005859375,2836.612060546875,1284.1529541015625,2414.754150390625,1053.0054931640625,2740.437255859375,1280.874267578125
2415.300537109375,1183.06005859375,2836.612060546875,1284.1529541015625,2414.754150390625,1053.0054931640625,2740.437255859375,1280.874267578125
2419.125732421875,1049.1802978515625,2875.956298828125,1283.06005859375,2414.754150390625,1049.1802978515625,2832.786865234375,1283.06005859375
2349.726806640625,2766.666748046875,2878.6884765625,1294.5355224609375,2414.754150390625,1183.06005859375,2836.612060546875,1284.1529541015625
2349.726806640625,2766.666748046875,2878.6884765625,1294.5355224609375,2414.754150390625,1183.06005859375,2836.612060546875,1284.1529541015625
2419.672119140625,1057.3770751953125,3099.45361328125,1287.9781494140625,2415.300537109375,1183.06005859375,2875.956298828125,1287.9781494140625
2420.76513671875,1061.7486572265625,2834.97265625,1056.83056640625,2419.125732421875,1061.7486572265625,2875.956298828125,1284.1529541015625
2420.76513671875,1061.7486572265625,2834.97265625,1056.83056640625,2419.125732421875,1061.7486572265625,2875.956298828125,1284.1529541015625
2413.6611328125,1056.2841796875,2927.868896484375,580.327880859375,2419.125732421875,1057.3770751953125,2878.6884765625,1283.06005859375
2415.300537109375,1009.2896118164062,537.158447265625,1279.7813720703125,2415.300537109375,1057.3770751953125,2878.6884765625,1279.7813720703125
2420.218505859375,1079.7813720703125,1014.7540893554688,1144.2623291015625,2419.672119140625,1057.3770751953125,2834.97265625,1144.2623291015625
2420.218505859375,1079.7813720703125,1014.7540893554688,1144.2623291015625,2419.672119140625,1057.3770751953125,2834.97265625,1144.2623291015625
2414.754150390625,1010.3825073242188,2568.8525390625,1278.6884765625,2415.300537109375,1056.2841796875,2568.8525390625,1144.2623291015625
2420.218505859375,1055.1912841796875,2841.530029296875,795.0819702148438,2415.300537109375,1055.1912841796875,2568.8525390625,1144.2623291015625
2420.218505859375,1055.1912841796875,2841.530029296875,795.0819702148438,2415.300537109375,1055.1912841796875,2568.8525390625,1144.2623291015625
2365.57373046875,2794.535400390625,2838.25146484375,1255.7376708984375,2415.300537109375,1055.1912841796875,2568.8525390625,1255.7376708984375
2414.207763671875,1012.5682983398438,2830.60107421875,490.1639404296875,2414.754150390625,1055.1912841796875,2830.60107421875,1144.2623291015625
2414.207763671875,1012.5682983398438,2830.60107421875,490.1639404296875,2414.754150390625,1055.1912841796875,2830.60107421875,1144.2623291015625
2420.218505859375,1014.2076416015625,2872.131103515625,456.2841491699219,2414.754150390625,1014.2076416015625,2838.25146484375,795.0819702148438
2415.846923828125,1082.513671875,2878.14208984375,643.1693725585938,2415.846923828125,1055.1912841796875,2841.530029296875,643.1693725585938
2415.846923828125,1082.513671875,2878.14208984375,643.1693725585938,2415.846923828125,1055.1912841796875,2841.530029296875,643.1693725585938
2413.6611328125,1053.5518798828125,2696.1748046875,1277.5955810546875,2414.207763671875,1053.5518798828125,2838.25146484375,643.1693725585938
2350.273193359375,2817.486328125,2613.11474609375,1281.9671630859375,2414.207763671875,1053.5518798828125,2830.60107421875,643.1693725585938
2416.3935546875,1051.91259765625,1285.245849609375,1274.31689453125,2415.846923828125,1053.5518798828125,2696.1748046875,1274.31689453125
2416.3935546875,1051.91259765625,1285.245849609375,1274.31689453125,2415.846923828125,1053.5518798828125,2696.1748046875,1274.31689453125
2416.3935546875,1044.2623291015625,1731.6939697265625,1280.327880859375,2415.846923828125,1053.5518798828125,2613.11474609375,1277.5955810546875
2355.73779296875,2759.562744140625,2873.7705078125,1297.814208984375,2413.6611328125,1053.5518798828125,2613.11474609375,1280.327880859375
2355.73779296875,2759.562744140625,2873.7705078125,1297.814208984375,2413.6611328125,1053.5518798828125,2613.11474609375,1280.327880859375
2414.754150390625,1008.1967163085938,2874.86328125,1028.9617919921875,2414.754150390625,1051.91259765625,2613.11474609375,1280.327880859375
2410.382568359375,1054.098388671875,2872.677490234375,459.5628356933594,2414.754150390625,1051.91259765625,2872.677490234375,1274.31689453125
2410.382568359375,1054.098388671875,2872.677490234375,459.5628356933594,2414.754150390625,1051.91259765625,2872.677490234375,1274.31689453125
2420.218505859375,1093.442626953125,1627.868896484375,1292.3497314453125,2414.754150390625,1054.098388671875,2872.677490234375,1280.327880859375
2416.93994140625,1009.8360595703125,2871.038330078125,1276.502685546875,2414.754150390625,1054.098388671875,2872.677490234375,1276.502685546875
2416.93994140625,1009.8360595703125,2871.038330078125,1276.502685546875,2414.754150390625,1054.098388671875,2872.677490234375,1276.502685546875
2362.841552734375,1146.9945068359375,2872.677490234375,1104.37158203125,2414.754150390625,1054.098388671875,2872.677490234375,1104.37158203125
2417.486328125,1056.83056640625,2791.80322265625,1286.3387451171875,2416.93994140625,1056.83056640625,2871.038330078125,1276.502685546875
2417.486328125,1056.83056640625,2791.80322265625,1286.3387451171875,2416.93994140625,1056.83056640625,2871.038330078125,1276.502685546875
2418.579345703125,1051.3660888671875,638.2513427734375,1283.6065673828125,2417.486328125,1056.83056640625,2791.80322265625,1283.6065673828125
2343.16943359375,2434.97265625,1454.098388671875,1248.08740234375,2416.93994140625,1056.83056640625,2791.80322265625,1276.502685546875
2416.93994140625,1037.7049560546875,1640.983642578125,889.6174926757812,2416.93994140625,1056.83056640625,1640.983642578125,1248.08740234375
2416.93994140625,1037.7049560546875,1640.983642578125,889.6174926757812,2416.93994140625,1056.83056640625,1640.983642578125,1248.08740234375
2411.475341796875,1054.098388671875,2871.038330078125,460.6557312011719,2416.93994140625,1054.098388671875,1640.983642578125,1248.08740234375
2409.28955078125,2128.961669921875,1178.14208984375,749.1802978515625,2411.475341796875,1054.098388671875,1454.098388671875,889.6174926757812
2409.28955078125,2128.961669921875,1178.14208984375,749.1802978515625,2411.475341796875,1054.098388671875,1454.098388671875,889.6174926757812
2416.93994140625,1007.6502685546875,2877.049072265625,1276.502685546875,2411.475341796875,1054.098388671875,1640.983642578125,889.6174926757812
2418.579345703125,1060.1092529296875,2876.502685546875,1285.7923583984375,2416.93994140625,1054.098388671875,2871.038330078125,889.6174926757812
2418.579345703125,1060.1092529296875,2876.502685546875,1285.7923583984375,2416.93994140625,1054.098388671875,2871.038330078125,889.6174926757812
2416.3935546875,1052.458984375,3109.28955078125,1283.6065673828125,2416.3935546875,1054.098388671875,2876.502685546875,1276.502685546875
2419.125732421875,1053.0054931640625,2754.644775390625,1278.6884765625,2416.93994140625,1053.0054931640625,2876.502685546875,1278.6884765625
2419.125732421875,1053.0054931640625,2754.644775390625,1278.6884765625,2416.93994140625,1053.0054931640625,2876.502685546875,1278.6884765625
2355.191162109375,2284.699462890625,2302.185791015625,1291.80322265625,2416.93994140625,1053.0054931640625,2876.502685546875,1283.6065673828125
2415.300537109375,1044.8087158203125,2570.49169921875,1162.2950439453125,2416.3935546875,1053.0054931640625,2754.644775390625,1283.6065673828125
2414.207763671875,1017.486328125,2871.584716796875,620.7650146484375,2416.3935546875,1053.0054931640625,2754.644775390625,1283.6065673828125
2414.207763671875,1017.486328125,2871.584716796875,620.7650146484375,2415.300537109375,1052.458984375,2754.644775390625,1278.6884765625
2209.836181640625,2761.74853515625,1213.11474609375,622.9508056640625,2414.207763671875,1053.0054931640625,2570.49169921875,1162.2950439453125
2417.486328125,1043.16943359375,1365.02734375,1100.0,2414.207763671875,1044.8087158203125,2302.185791015625,1100.0
2417.486328125,1043.16943359375,1365.02734375,1100.0,2414.207763671875,1044.8087158203125,2302.185791015625,1100.0
2420.218505859375,1053.0054931640625,2869.9453125,1276.502685546875,2415.300537109375,1044.8087158203125,2570.49169921875,1100.0
2420.218505859375,1212.0218505859375,2871.584716796875,1246.4481201171875,2417.486328125,1053.0054931640625,2869.9453125,1100.0
2420.218505859375,1212.0218505859375,2871.584716796875,1246.4481201171875,2417.486328125,1053.0054931640625,2869.9453125,1100.0
2419.125732421875,1009.8360595703125,3103.27880859375,1280.327880859375,2419.125732421875,1053.0054931640625,2869.9453125,1246.4481201171875
2363.387939453125,1227.868896484375,2877.595703125,1286.88525390625,2419.125732421875,1053.0054931640625,2871.584716796875,1276.502685546875
2363.387939453125,1227.868896484375,2877.595703125,1286.88525390625,2419.125732421875,1053.0054931640625,2871.584716796875,1276.502685546875
2413.11474609375,1011.4754028320312,2872.677490234375,1081.9671630859375,2419.125732421875,1053.0054931640625,2872.677490234375,1276.502685546875
2421.3115234375,1055.7376708984375,2784.153076171875,885.2459106445312,2419.125732421875,1055.7376708984375,2872.677490234375,1246.4481201171875
2222.950927734375,2812.568359375,2838.25146484375,606.0109252929688,2413.11474609375,1055.7376708984375,2872.677490234375,1081.9671630859375
2222.950927734375,2812.568359375,2838.25146484375,606.0109252929688,2413.11474609375,1055.7376708984375,2872.677490234375,1081.9671630859375
2414.207763671875,1009.2896118164062,579.2349853515625,1284.699462890625,2413.11474609375,1055.7376708984375,2838.25146484375,1081.9671630859375
2419.125732421875,1009.2896118164062,1015.300537109375,1104.9180908203125,2414.207763671875,1011.4754028320312,2784.153076171875,1081.9671630859375
2419.125732421875,1009.2896118164062,1015.300537109375,1104.9180908203125,2414.207763671875,1011.4754028320312,2784.153076171875,1081.9671630859375
2417.486328125,1057.9234619140625,2393.442626953125,1300.5465087890625,2417.486328125,1055.7376708984375,2393.442626953125,1104.9180908203125
2419.125732421875,1049.1802978515625,2872.131103515625,1282.513671875,2417.486328125,1049.1802978515625,2393.442626953125,1282.513671875
2419.125732421875,1049.1802978515625,2872.131103515625,1282.513671875,2417.486328125,1049.1802978515625,2393.442626953125,1282.513671875
2329.50830078125,1479.7813720703125,2873.7705078125,1302.185791015625,2417.486328125,1049.1802978515625,2393.442626953125,1284.699462890625
2419.125732421875,1044.2623291015625,2834.42626953125,1286.88525390625,2419.125732421875,1049.1802978515625,2834.42626953125,1286.88525390625
2419.125732421875,1044.2623291015625,2834.42626953125,1286.88525390625,2419.125732421875,1049.1802978515625,2834.42626953125,1286.88525390625
2415.300537109375,1051.91259765625,2872.677490234375,389.61749267578125,2417.486328125,1051.91259765625,2872.131103515625,1286.88525390625
2186.88525390625,2777.049072265625,1738.7978515625,597.2677612304688,2415.300537109375,1051.91259765625,2872.131103515625,1282.513671875
2416.3935546875,1003.2786865234375,2077.595703125,1229.5081787109375,2415.300537109375,1051.91259765625,2834.42626953125,1229.5081787109375
2416.3935546875,1003.2786865234375,2077.595703125,1229.5081787109375,2415.300537109375,1051.91259765625,2834.42626953125,1229.5081787109375
2418.579345703125,1067.759521484375,3319.672119140625,1283.06005859375,2416.3935546875,1051.91259765625,2834.42626953125,1229.5081787109375
2419.125732421875,1008.7431640625,1242.6229248046875,1303.2786865234375,2416.3935546875,1051.91259765625,2077.595703125,1229.5081787109375
2419.125732421875,1008.7431640625,1242.6229248046875,1303.2786865234375,2416.3935546875,1051.91259765625,2077.595703125,1229.5081787109375
2418.03271484375,1044.2623291015625,1645.355224609375,1278.14208984375,2418.03271484375,1044.2623291015625,1738.7978515625,1278.14208984375
2391.2568359375,1168.8524169921875,2873.22412109375,1294.5355224609375,2418.03271484375,1044.2623291015625,2077.595703125,1283.06005859375
2391.2568359375,1168.8524169921875,2873.22412109375,1294.5355224609375,2418.03271484375,1044.2623291015625,2077.595703125,1283.06005859375
2413.6611328125,1004.37158203125,2872.131103515625,755.1912841796875,2418.03271484375,1044.2623291015625,2872.131103515625,1283.06005859375
2414.207763671875,1054.644775390625,2873.7705078125,349.7267761230469,2414.207763671875,1044.2623291015625,2872.131103515625,1278.14208984375
2414.207763671875,1054.644775390625,2873.7705078125,349.7267761230469,2414.207763671875,1044.2623291015625,2872.131103515625,1278.14208984375
2221.85791015625,2788.524658203125,1402.185791015625,1120.7650146484375,2413.6611328125,1054.644775390625,2872.131103515625,1120.7650146484375
2417.486328125,1053.5518798828125,2871.584716796875,1281.4207763671875,2413.6611328125,1054.644775390625,2872.131103515625,1120.7650146484375
2419.672119140625,1053.0054931640625,2794.535400390625,837.7048950195312,2414.207763671875,1053.5518798828125,2871.584716796875,837.7048950195312
2419.672119140625,1053.0054931640625,2794.535400390625,837.7048950195312,2414.207763671875,1053.5518798828125,2871.584716796875,837.7048950195312
2414.207763671875,1054.644775390625,2837.704833984375,1250.273193359375,2414.207763671875,1054.644775390625,2837.704833984375,1120.7650146484375
2420.76513671875,1048.6339111328125,1766.1202392578125,1287.9781494140625,2417.486328125,1053.5518798828125,2794.535400390625,1250.273193359375
2420.76513671875,1048.6339111328125,1766.1202392578125,1287.9781494140625,2417.486328125,1053.5518798828125,2794.535400390625,1250.273193359375
2421.85791015625,1077.0491943359375,1943.7158203125,1293.989013671875,2419.672119140625,1053.5518798828125,2794.535400390625,1281.4207763671875
2418.579345703125,1069.9453125,2300.0,1062.841552734375,2419.672119140625,1054.644775390625,2300.0,1250.273193359375
2418.579345703125,1069.9453125,2300.0,1062.841552734375,2419.672119140625,1054.644775390625,2300.0,1250.273193359375
2416.93994140625,1045.355224609375,2873.7705078125,532.2404174804688,2418.579345703125,1054.644775390625,2300.0,1250.273193359375
2296.72119140625,2739.34423828125,1693.989013671875,1284.699462890625,2418.579345703125,1069.9453125,1943.7158203125,1284.699462890625
2296.72119140625,2739.34423828125,1693.989013671875,1284.699462890625,2418.579345703125,1069.9453125,1943.7158203125,1284.699462890625
2416.3935546875,1054.098388671875,2872.131103515625,1278.14208984375,2416.93994140625,1069.9453125,2300.0,1278.14208984375
2423.497314453125,1051.3660888671875,2877.049072265625,1286.88525390625,2416.93994140625,1054.098388671875,2872.131103515625,1278.14208984375
2416.93994140625,1056.2841796875,2838.25146484375,1295.0819091796875,2416.93994140625,1054.098388671875,2872.131103515625,1284.699462890625
2416.93994140625,1056.2841796875,2838.25146484375,1295.0819091796875,2416.93994140625,1054.098388671875,2872.131103515625,1284.699462890625
2420.218505859375,1047.541015625,2838.25146484375,1117.486328125,2416.93994140625,1054.098388671875,2838.25146484375,1284.699462890625
2321.85791015625,2779.23486328125,3106.557373046875,1293.442626953125,2416.93994140625,1054.098388671875,2872.131103515625,1286.88525390625
2321.85791015625,2779.23486328125,3106.557373046875,1293.442626953125,2416.93994140625,1054.098388671875,2872.131103515625,1286.88525390625
2419.672119140625,1053.5518798828125,739.8906860351562,1280.874267578125,2419.672119140625,1053.5518798828125,2838.25146484375,1286.88525390625
2404.91796875,756.8306274414062,1011.4754028320312,452.4590148925781,2416.93994140625,1053.5518798828125,2838.25146484375,1280.874267578125
2404.91796875,756.8306274414062,1011.4754028320312,452.4590148925781,2416.93994140625,1053.5518798828125,2838.25146484375,1280.874267578125
2340.437255859375,2790.163818359375,1738.7978515625,1193.442626953125,2404.91796875,1053.5518798828125,1738.7978515625,1193.442626953125
2421.85791015625,1003.2786865234375,2871.038330078125,1057.3770751953125,2404.91796875,1053.5518798828125,1738.7978515625,1193.442626953125
2421.85791015625,1003.2786865234375,2871.038330078125,1057.3770751953125,2404.91796875,1053.5518798828125,1738.7978515625,1193.442626953125
2418.03271484375,1051.91259765625,2874.31689453125,965.02734375,2418.03271484375,1051.91259765625,1738.7978515625,1057.3770751953125
2419.672119140625,1050.273193359375,2879.781494140625,890.7103881835938,2418.03271484375,1050.273193359375,2871.038330078125,965.02734375
2417.486328125,1053.0054931640625,2874.86328125,812.5682983398438,2418.03271484375,1051.91259765625,2874.31689453125,965.02734375
2417.486328125,1053.0054931640625,2874.86328125,812.5682983398438,2418.03271484375,1051.91259765625,2874.31689453125,965.02734375
2418.03271484375,1046.4481201171875,2870.49169921875,1293.989013671875,2418.03271484375,1050.273193359375,2874.31689453125,965.02734375
2418.03271484375,1053.0054931640625,2657.923583984375,540.4371337890625,2418.03271484375,1051.91259765625,2874.31689453125,890.7103881835938
2418.03271484375,1053.0054931640625,2657.923583984375,540.4371337890625,2418.03271484375,1051.91259765625,2874.31689453125,890.7103881835938
2416.93994140625,1051.3660888671875,2614.754150390625,479.2349853515625,2418.03271484375,1051.3660888671875,2870.49169921875,812.5682983398438
2338.7978515625,2684.153076171875,1495.62841796875,1068.3060302734375,2417.486328125,1053.0054931640625,2657.923583984375,812.5682983398438
2338.7978515625,2684.153076171875,1495.62841796875,1068.3060302734375,2417.486328125,1053.0054931640625,2657.923583984375,812.5682983398438
2418.03271484375,1057.3770751953125,1810.928955078125,805.4644775390625,2418.03271484375,1053.0054931640625,2614.754150390625,805.4644775390625
2422.404296875,1018.5792236328125,2872.677490234375,1276.502685546875,2418.03271484375,1053.0054931640625,2614.754150390625,805.4644775390625
2422.404296875,1018.5792236328125,2872.677490234375,1276.502685546875,2418.03271484375,1053.0054931640625,2614.754150390625,805.4644775390625
2414.207763671875,1004.37158203125,2874.86328125,809.2896118164062,2416.93994140625,1051.3660888671875,2614.754150390625,809.2896118164062
2416.93994140625,1055.1912841796875,2873.7705078125,1293.442626953125,2416.93994140625,1055.1912841796875,2872.677490234375,1068.3060302734375
2421.85791015625,1055.7376708984375,2869.39892578125,497.814208984375,2416.93994140625,1055.1912841796875,2872.677490234375,1068.3060302734375
2421.85791015625,1055.7376708984375,2869.39892578125,497.814208984375,2418.03271484375,1055.1912841796875,2872.677490234375,809.2896118164062
2420.218505859375,1050.8197021484375,2830.60107421875,445.3551940917969,2420.218505859375,1050.8197021484375,2872.677490234375,809.2896118164062
2416.3935546875,1053.5518798828125,2878.14208984375,394.5355224609375,2416.93994140625,1053.5518798828125,2873.7705078125,497.814208984375
2416.3935546875,1053.5518798828125,2878.14208984375,394.5355224609375,2416.93994140625,1053.5518798828125,2873.7705078125,497.814208984375
2354.098388671875,2815.300537109375,2257.376953125,1300.0,2416.93994140625,1055.1912841796875,2869.39892578125,497.814208984375
2416.93994140625,1051.3660888671875,3139.890625,844.2622680664062,2416.93994140625,1053.5518798828125,2869.39892578125,497.814208984375
2416.93994140625,1051.3660888671875,3139.890625,844.2622680664062,2416.93994140625,1053.5518798828125,2869.39892578125,497.814208984375
2420.218505859375,1048.6339111328125,2840.983642578125,1053.0054931640625,2416.93994140625,1051.3660888671875,2840.983642578125,844.2622680664062
2416.3935546875,1644.8087158203125,1302.7322998046875,1306.010986328125,2416.3935546875,1053.5518798828125,2840.983642578125,1053.0054931640625
2416.3935546875,1644.8087158203125,1302.7322998046875,1306.010986328125,2416.3935546875,1053.5518798828125,2840.983642578125,1053.0054931640625
2422.404296875,1039.8907470703125,1457.3770751953125,1283.06005859375,2416.93994140625,1051.3660888671875,2257.376953125,1283.06005859375
2419.125732421875,1024.043701171875,2873.7705078125,1289.071044921875,2419.125732421875,1048.6339111328125,2840.983642578125,1283.06005859375
2419.125732421875,1024.043701171875,2873.7705078125,1289.071044921875,2419.125732421875,1048.6339111328125,2840.983642578125,1283.06005859375
2418.03271484375,1055.1912841796875,2872.677490234375,618.5792236328125,2419.125732421875,1048.6339111328125,2840.983642578125,1283.06005859375
2415.846923828125,1054.644775390625,2871.038330078125,373.2240295410156,2418.03271484375,1054.644775390625,2871.038330078125,1283.06005859375
2373.22412109375,2761.2021484375,1093.442626953125,743.1693725585938,2418.03271484375,1054.644775390625,2871.038330078125,743.1693725585938
2373.22412109375,2761.2021484375,1093.442626953125,743.1693725585938,2418.03271484375,1054.644775390625,2871.038330078125,743.1693725585938
2420.76513671875,1015.300537109375,2870.49169921875,1277.0491943359375,2418.03271484375,1054.644775390625,2871.038330078125,743.1693725585938
2416.3935546875,1047.541015625,2874.31689453125,450.2732238769531,2416.3935546875,1054.644775390625,2871.038330078125,618.5792236328125
2416.3935546875,1047.541015625,2874.31689453125,450.2732238769531,2416.3935546875,1054.644775390625,2871.038330078125,618.5792236328125
2420.76513671875,2402.185791015625,2398.360595703125,1298.360595703125,2416.3935546875,1054.644775390625,2870.49169921875,743.1693725585938
2415.846923828125,1054.098388671875,2873.7705078125,1283.06005859375,2416.3935546875,1054.098388671875,2870.49169921875,1277.0491943359375
2415.846923828125,1054.098388671875,2873.7705078125,1283.06005859375,2416.3935546875,1054.098388671875,2870.49169921875,1277.0491943359375
2421.3115234375,1061.2021484375,1275.956298828125,1292.8961181640625,2420.76513671875,1054.098388671875,2870.49169921875,1283.06005859375
2418.579345703125,1053.5518798828125,1679.7813720703125,840.4371337890625,2418.579345703125,1054.098388671875,2398.360595703125,1283.06005859375
2418.579345703125,1053.5518798828125,1679.7813720703125,840.4371337890625,2418.579345703125,1054.098388671875,2398.360595703125,1283.06005859375
2410.382568359375,1047.541015625,2873.22412109375,430.0546569824219,2418.579345703125,1054.098388671875,2398.360595703125,1283.06005859375
2362.841552734375,1912.0218505859375,1198.360595703125,930.0546264648438,2415.846923828125,1054.098388671875,1679.7813720703125,930.0546264648438
2417.486328125,999.4535522460938,2873.22412109375,1274.8634033203125,2417.486328125,1053.5518798828125,1679.7813720703125,930.0546264648438
2417.486328125,999.4535522460938,2873.22412109375,1274.8634033203125,2417.486328125,1053.5518798828125,1679.7813720703125,930.0546264648438
2426.2294921875,1006.557373046875,2832.786865234375,1276.502685546875,2417.486328125,1047.541015625,2832.786865234375,930.0546264648438
2420.218505859375,2600.54638671875,2881.420654296875,1300.0,2417.486328125,1047.541015625,2873.22412109375,1274.8634033203125
2420.218505859375,2600.54638671875,2881.420654296875,1300.0,2417.486328125,1047.541015625,2873.22412109375,1274.8634033203125
2416.93994140625,1044.8087158203125,1278.14208984375,656.2841796875,2417.486328125,1044.8087158203125,2832.786865234375,1274.8634033203125
2420.76513671875,1052.458984375,2697.267822265625,1289.617431640625,2420.218505859375,1044.8087158203125,2832.786865234375,1276.502685546875
2420.76513671875,1052.458984375,2697.267822265625,1289.617431640625,2420.218505859375,1044.8087158203125,2832.786865234375,1276.502685546875
2420.218505859375,1017.486328125,1807.1038818359375,1239.8907470703125,2420.218505859375,1044.8087158203125,2697.267822265625,1276.502685546875
2419.672119140625,1046.4481201171875,1075.4097900390625,575.4098510742188,2420.218505859375,1046.4481201171875,1807.1038818359375,1239.8907470703125
2419.672119140625,1046.4481201171875,1075.4097900390625,575.4098510742188,2420.218505859375,1046.4481201171875,1807.1038818359375,1239.8907470703125
2300.0,1178.14208984375,2030.0546875,1276.502685546875,2419.672119140625,1046.4481201171875,1807.1038818359375,1239.8907470703125
2421.3115234375,1052.458984375,2872.677490234375,1293.442626953125,2420.218505859375,1052.458984375,2030.0546875,1276.502685546875
2420.218505859375,1055.7376708984375,2927.868896484375,1188.5245361328125,2420.218505859375,1052.458984375,2030.0546875,1239.8907470703125
2420.218505859375,1055.7376708984375,2927.868896484375,1188.5245361328125,2420.218505859375,1052.458984375,2030.0546875,1239.8907470703125
2417.486328125,2640.983642578125,2880.874267578125,1247.541015625,2419.672119140625,1055.7376708984375,2872.677490234375,1247.541015625
2419.125732421875,1056.83056640625,2926.2294921875,1118.0328369140625,2419.125732421875,1056.83056640625,2880.874267578125,1247.541015625
2419.125732421875,1056.83056640625,2926.2294921875,1118.0328369140625,2419.125732421875,1056.83056640625,2880.874267578125,1247.541015625
2418.03271484375,1050.8197021484375,3095.62841796875,1289.617431640625,2419.125732421875,1055.7376708984375,2926.2294921875,1247.541015625
2413.6611328125,1052.458984375,2393.442626953125,392.89617919921875,2418.03271484375,1055.7376708984375,2926.2294921875,1188.5245361328125
2413.6611328125,1052.458984375,2393.442626953125,392.89617919921875,2418.03271484375,1055.7376708984375,2926.2294921875,1188.5245361328125
2418.579345703125,1050.273193359375,1146.4481201171875,895.0819702148438,2418.03271484375,1052.458984375,2880.874267578125,1118.0328369140625
2416.93994140625,898.3606567382812,1373.7705078125,1277.5955810546875,2418.03271484375,1050.8197021484375,2393.442626953125,1118.0328369140625
2416.93994140625,898.3606567382812,1373.7705078125,1277.5955810546875,2418.03271484375,1050.8197021484375,2393.442626953125,1118.0328369140625
2421.85791015625,1045.901611328125,1810.928955078125,1279.7813720703125,2418.03271484375,1050.273193359375,1810.928955078125,1277.5955810546875
2420.218505859375,1025.68310546875,2873.7705078125,1280.874267578125,2418.579345703125,1045.901611328125,1810.928955078125,1277.5955810546875
2418.579345703125,2812.02197265625,2883.06005859375,1303.2786865234375,2418.579345703125,1045.901611328125,1810.928955078125,1279.7813720703125
2418.579345703125,2812.02197265625,2883.06005859375,1303.2786865234375,2418.579345703125,1045.901611328125,1810.928955078125,1279.7813720703125
2418.579345703125,1059.5628662109375,2872.131103515625,1290.7103271484375,2418.579345703125,1045.901611328125,2872.131103515625,1280.874267578125
2415.846923828125,1054.098388671875,2836.065673828125,756.8306274414062,2418.579345703125,1054.098388671875,2872.131103515625,1280.874267578125
2415.846923828125,1054.098388671875,2836.065673828125,756.8306274414062,2418.579345703125,1054.098388671875,2872.131103515625,1280.874267578125
2416.93994140625,1002.185791015625,2870.49169921875,480.327880859375,2418.579345703125,1054.098388671875,2872.131103515625,1280.874267578125
2415.846923828125,1056.83056640625,1767.213134765625,489.61749267578125,2416.93994140625,1056.83056640625,2870.49169921875,756.8306274414062
2415.846923828125,1056.83056640625,1767.213134765625,489.61749267578125,2416.93994140625,1056.83056640625,2870.49169921875,756.8306274414062
2339.34423828125,2324.590087890625,2299.45361328125,1244.2623291015625,2415.846923828125,1056.83056640625,2836.065673828125,756.8306274414062
2420.218505859375,1051.91259765625,2612.02197265625,1062.841552734375,2415.846923828125,1054.098388671875,2612.02197265625,756.8306274414062
2420.218505859375,1051.91259765625,2612.02197265625,1062.841552734375,2415.846923828125,1054.098388671875,2612.02197265625,756.8306274414062
2419.672119140625,1049.1802978515625,1244.8087158203125,1280.327880859375,2416.93994140625,1051.91259765625,2299.45361328125,1062.841552734375
2242.623046875,2795.62841796875,1786.3387451171875,1293.989013671875,2415.846923828125,1056.83056640625,1786.3387451171875,1244.2623291015625
2242.623046875,2795.62841796875,1786.3387451171875,1293.989013671875,2419.672119140625,1051.91259765625,2299.45361328125,1280.327880859375
2420.76513671875,1025.68310546875,2871.584716796875,1289.071044921875,2419.672119140625,1051.91259765625,2299.45361328125,1280.327880859375
2421.85791015625,1008.7431640625,2834.42626953125,930.0546264648438,2420.218505859375,1049.1802978515625,2612.02197265625,1280.327880859375
2416.3935546875,1009.2896118164062,2834.97265625,540.9835815429688,2419.672119140625,1025.68310546875,2834.42626953125,1280.327880859375
2416.3935546875,1009.2896118164062,2834.97265625,540.9835815429688,2419.672119140625,1025.68310546875,2834.42626953125,1280.327880859375
2419.672119140625,1055.1912841796875,1451.91259765625,1015.300537109375,2419.672119140625,1025.68310546875,2834.42626953125,1015.300537109375
2368.305908203125,1191.80322265625,2872.131103515625,1275.956298828125,2419.672119140625,1025.68310546875,2834.97265625,1015.300537109375
2368.305908203125,1191.80322265625,2872.131103515625,1275.956298828125,2419.672119140625,1025.68310546875,2834.97265625,1015.300537109375
2419.125732421875,1008.7431640625,3101.093017578125,621.85791015625,2419.125732421875,1009.2896118164062,2834.97265625,930.0546264648438
2417.486328125,1052.458984375,2879.23486328125,1287.431640625,2417.486328125,1052.458984375,2872.131103515625,1015.300537109375
2417.486328125,1052.458984375,2879.23486328125,1287.431640625,2417.486328125,1052.458984375,2872.131103515625,1015.300537109375
2251.3662109375,2789.071044921875,1443.7158203125,1291.2568359375,2417.486328125,1055.1912841796875,2872.131103515625,1275.956298828125
2418.579345703125,1064.4808349609375,2128.961669921875,586.88525390625,2417.486328125,1064.4808349609375,2872.131103515625,1275.956298828125
2418.03271484375,1053.0054931640625,2872.677490234375,481.4207763671875,2418.03271484375,1053.0054931640625,2872.677490234375,621.85791015625
2418.03271484375,1053.0054931640625,2872.677490234375,481.4207763671875,2418.03271484375,1053.0054931640625,2872.677490234375,621.85791015625
2416.93994140625,1013.11474609375,1944.8087158203125,590.1639404296875,2417.486328125,1053.0054931640625,2128.961669921875,590.1639404296875
2420.218505859375,1049.726806640625,2037.158447265625,1289.071044921875,2418.03271484375,1053.0054931640625,2037.158447265625,590.1639404296875
2420.218505859375,1049.726806640625,2037.158447265625,1289.071044921875,2418.03271484375,1053.0054931640625,2037.158447265625,590.1639404296875
2422.950927734375,1057.3770751953125,2874.86328125,1273.7705078125,2418.579345703125,1053.0054931640625,2128.961669921875,590.1639404296875
2421.85791015625,1050.8197021484375,2873.7705078125,1270.4918212890625,2420.218505859375,1050.8197021484375,2872.677490234375,1270.4918212890625
2421.85791015625,1050.8197021484375,2873.7705078125,1270.4918212890625,2420.218505859375,1050.8197021484375,2872.677490234375,1270.4918212890625
2420.76513671875,1007.6502685546875,2930.60107421875,490.71038818359375,2420.76513671875,1049.726806640625,2873.7705078125,1270.4918212890625
2234.42626953125,2846.99462890625,2755.191162109375,1140.4371337890625,2420.76513671875,1050.8197021484375,2873.7705078125,1270.4918212890625
2234.42626953125,2846.99462890625,2755.191162109375,1140.4371337890625,2420.76513671875,1050.8197021484375,2873.7705078125,1270.4918212890625
2416.93994140625,1200.0,2785.245849609375,1243.7158203125,2420.76513671875,1057.3770751953125,2873.7705078125,1243.7158203125
2420.76513671875,1044.8087158203125,1681.9671630859375,431.1475524902344,2420.76513671875,1050.8197021484375,2785.245849609375,1140.4371337890625
2416.93994140625,1039.8907470703125,2080.327880859375,632.786865234375,2416.93994140625,1044.8087158203125,2755.191162109375,632.786865234375
2416.93994140625,1039.8907470703125,2080.327880859375,632.786865234375,2416.93994140625,1044.8087158203125,2755.191162109375,632.786865234375
2413.6611328125,993.9890747070312,2833.333251953125,1274.8634033203125,2416.93994140625,1044.8087158203125,2755.191162109375,1140.4371337890625
2422.950927734375,930.0546264648438,2871.584716796875,918.0327758789062,2416.93994140625,1039.8907470703125,2785.245849609375,918.0327758789062
2422.950927734375,930.0546264648438,2871.584716796875,918.0327758789062,2416.93994140625,1039.8907470703125,2785.245849609375,918.0327758789062
2419.125732421875,1054.098388671875,3144.26220703125,1287.9781494140625,2419.125732421875,1039.8907470703125,2833.333251953125,918.0327758789062
2424.590087890625,1054.098388671875,3144.26220703125,1281.4207763671875,2419.125732421875,1039.8907470703125,2871.584716796875,1274.8634033203125
2424.590087890625,1054.098388671875,3144.26220703125,1281.4207763671875,2419.125732421875,1039.8907470703125,2871.584716796875,1274.8634033203125
2222.404296875,2313.11474609375,2873.22412109375,1293.442626953125,2419.125732421875,1054.098388671875,2873.22412109375,1281.4207763671875
2418.03271484375,1046.9945068359375,2839.34423828125,722.4043579101562,2419.125732421875,1054.098388671875,2873.22412109375,1281.4207763671875
2418.03271484375,1046.9945068359375,2839.34423828125,722.4043579101562,2419.125732421875,1054.098388671875,2873.22412109375,1281.4207763671875
2420.76513671875,1059.016357421875,2472.677490234375,503.2786865234375,2419.125732421875,1054.098388671875,2873.22412109375,1281.4207763671875
2419.672119140625,1010.928955078125,2796.72119140625,587.4317016601562,2419.672119140625,1054.098388671875,2839.34423828125,722.4043579101562
2419.672119140625,1010.928955078125,2796.72119140625,587.4317016601562,2419.672119140625,1054.098388671875,2839.34423828125,722.4043579101562
2419.125732421875,1062.2950439453125,1235.5191650390625,969.9453735351562,2419.125732421875,1059.016357421875,2796.72119140625,722.4043579101562
2424.043701171875,972.1311645507812,1056.2841796875,1282.513671875,2419.672119140625,1046.9945068359375,2472.677490234375,722.4043579101562
2421.3115234375,1051.3660888671875,1418.0328369140625,1274.31689453125,2420.76513671875,1051.3660888671875,1418.0328369140625,969.9453735351562
2421.3115234375,1051.3660888671875,1418.0328369140625,1274.31689453125,2420.76513671875,1051.3660888671875,1418.0328369140625,969.9453735351562
2420.218505859375,1048.08740234375,2871.038330078125,1275.956298828125,2420.218505859375,1048.08740234375,1418.0328369140625,1274.31689453125
2356.83056640625,1836.0655517578125,2873.22412109375,1283.06005859375,2420.218505859375,1051.3660888671875,1418.0328369140625,1275.956298828125
2356.83056640625,1836.0655517578125,2873.22412109375,1283.06005859375,2420.218505859375,1051.3660888671875,1418.0328369140625,1275.956298828125
2424.590087890625,1008.1967163085938,2869.9453125,1293.442626953125,2421.3115234375,1048.08740234375,2869.9453125,1282.513671875
2416.3935546875,1048.08740234375,2871.038330078125,548.6338500976562,2420.218505859375,1048.08740234375,2871.038330078125,1275.956298828125
2416.3935546875,1048.08740234375,2871.038330078125,548.6338500976562,2420.218505859375,1048.08740234375,2871.038330078125,1275.956298828125
2421.3115234375,1017.486328125,2877.595703125,1309.2896728515625,2420.218505859375,1048.08740234375,2871.038330078125,1283.06005859375
2419.125732421875,1050.273193359375,2871.584716796875,433.3333435058594,2419.125732421875,1048.08740234375,2871.584716796875,1283.06005859375
2419.125732421875,1050.273193359375,2871.584716796875,433.3333435058594,2419.125732421875,1048.08740234375,2871.584716796875,1283.06005859375
2426.77587890625,1056.83056640625,2434.97265625,1275.956298828125,2421.3115234375,1048.08740234375,2871.038330078125,1275.956298828125
2420.76513671875,1055.1912841796875,2615.300537109375,1274.31689453125,2420.76513671875,1050.273193359375,2871.038330078125,1274.31689453125
2422.950927734375,986.88525390625,1195.0819091796875,1286.88525390625,2421.3115234375,1050.273193359375,2615.300537109375,1275.956298828125
2422.950927734375,986.88525390625,1195.0819091796875,1286.88525390625,2421.3115234375,1050.273193359375,2615.300537109375,1275.956298828125
2392.349609375,1187.9781494140625,1723.497314453125,886.88525390625,2420.76513671875,1055.1912841796875,2434.97265625,1274.31689453125
2421.3115234375,1043.7158203125,2871.584716796875,1293.989013671875,2421.3115234375,1055.1912841796875,2434.97265625,1275.956298828125
2421.3115234375,1043.7158203125,2871.584716796875,1293.989013671875,2421.3115234375,1055.1912841796875,2434.97265625,1275.956298828125
2420.76513671875,1007.6502685546875,2874.86328125,754.6448364257812,2420.76513671875,1043.7158203125,2615.300537109375,1274.31689453125
2409.28955078125,1263.387939453125,2875.409912109375,634.4262084960938,2420.76513671875,1043.7158203125,2871.584716796875,886.88525390625
2409.28955078125,1263.387939453125,2875.409912109375,634.4262084960938,2420.76513671875,1043.7158203125,2871.584716796875,886.88525390625
2413.6611328125,1051.91259765625,2077.049072265625,621.85791015625,2413.6611328125,1051.91259765625,2871.584716796875,754.6448364257812
2425.13671875,1045.901611328125,2872.677490234375,1286.3387451171875,2420.76513671875,1045.901611328125,2872.677490234375,754.6448364257812
2425.13671875,1045.901611328125,2872.677490234375,1286.3387451171875,2420.76513671875,1045.901611328125,2872.677490234375,754.6448364257812
2417.486328125,1009.8360595703125,3096.72119140625,614.2076416015625,2417.486328125,1045.901611328125,2874.86328125,634.4262084960938
2419.125732421875,1054.644775390625,2700.54638671875,1277.0491943359375,2417.486328125,1051.91259765625,2872.677490234375,634.4262084960938
2398.360595703125,1173.7705078125,1862.841552734375,1279.7813720703125,2417.486328125,1051.91259765625,2700.54638671875,1277.0491943359375
2398.360595703125,1173.7705078125,1862.841552734375,1279.7813720703125,2417.486328125,1051.91259765625,2700.54638671875,1277.0491943359375
2422.950927734375,1001.0928955078125,1055.7376708984375,1291.80322265625,2419.125732421875,1045.901611328125,2700.54638671875,1279.7813720703125
2421.3115234375,1070.4918212890625,2304.37158203125,1149.726806640625,2419.125732421875,1054.644775390625,2304.37158203125,1277.0491943359375
2421.3115234375,1070.4918212890625,2304.37158203125,1149.726806640625,2419.125732421875,1054.644775390625,2304.37158203125,1277.0491943359375
2419.672119140625,1518.0328369140625,2838.7978515625,662.841552734375,2419.672119140625,1070.4918212890625,2304.37158203125,1277.0491943359375
2418.579345703125,1006.557373046875,1767.759521484375,1275.956298828125,2419.672119140625,1070.4918212890625,1862.841552734375,1275.956298828125
2418.579345703125,1006.557373046875,1767.759521484375,1275.956298828125,2419.672119140625,1070.4918212890625,1862.841552734375,1275.956298828125
2420.218505859375,1015.8469848632812,2871.584716796875,1277.5955810546875,2420.218505859375,1015.8469848632812,2304.37158203125,1275.956298828125
2421.3115234375,1055.7376708984375,2871.584716796875,1161.2021484375,2420.218505859375,1055.7376708984375,2838.7978515625,1161.2021484375
2421.3115234375,1055.7376708984375,2871.584716796875,1161.2021484375,2420.218505859375,1055.7376708984375,2838.7978515625,1161.2021484375
2420.218505859375,1065.57373046875,2842.623046875,1280.327880859375,2420.218505859375,1055.7376708984375,2842.623046875,1275.956298828125
2352.458984375,2335.51904296875,2440.983642578125,1280.327880859375,2420.218505859375,1055.7376708984375,2842.623046875,1277.5955810546875
2352.458984375,2335.51904296875,2440.983642578125,1280.327880859375,2420.218505859375,1055.7376708984375,2842.623046875,1277.5955810546875
2421.3115234375,1052.458984375,2872.131103515625,1295.0819091796875,2420.218505859375,1055.7376708984375,2871.584716796875,1280.327880859375
2421.85791015625,1009.8360595703125,524.5901489257812,1069.39892578125,2421.3115234375,1055.7376708984375,2842.623046875,1280.327880859375
2414.754150390625,2273.22412109375,1670.4918212890625,593.442626953125,2420.218505859375,1065.57373046875,2440.983642578125,1280.327880859375
2414.754150390625,2273.22412109375,1670.4918212890625,593.442626953125,2420.218505859375,1065.57373046875,2440.983642578125,1280.327880859375
2423.497314453125,1056.2841796875,1097.814208984375,828.415283203125,2421.3115234375,1056.2841796875,1670.4918212890625,1069.39892578125
2424.590087890625,826.7759399414062,2215.300537109375,1283.6065673828125,2421.85791015625,1052.458984375,1670.4918212890625,1069.39892578125
2424.590087890625,826.7759399414062,2215.300537109375,1283.6065673828125,2421.85791015625,1052.458984375,1670.4918212890625,1069.39892578125
2420.76513671875,1041.530029296875,2873.7705078125,1280.327880859375,2421.85791015625,1041.530029296875,1670.4918212890625,1069.39892578125
2412.02197265625,1039.8907470703125,2838.25146484375,1285.245849609375,2420.76513671875,1041.530029296875,2215.300537109375,1280.327880859375
2412.02197265625,1039.8907470703125,2838.25146484375,1285.245849609375,2420.76513671875,1041.530029296875,2215.300537109375,1280.327880859375
2421.85791015625,1257.9234619140625,2873.7705078125,1239.34423828125,2421.85791015625,1041.530029296875,2838.25146484375,1280.327880859375
2420.76513671875,1013.6611938476562,2842.076416015625,1284.1529541015625,2420.76513671875,1039.8907470703125,2842.076416015625,1283.6065673828125
2420.76513671875,1013.6611938476562,2842.076416015625,1284.1529541015625,2420.76513671875,1039.8907470703125,2842.076416015625,1283.6065673828125
2419.125732421875,1046.4481201171875,2869.39892578125,1291.2568359375,2420.76513671875,1041.530029296875,2869.39892578125,1284.1529541015625
2190.163818359375,2373.7705078125,2832.786865234375,1030.60107421875,2419.125732421875,1046.4481201171875,2842.076416015625,1284.1529541015625
2419.125732421875,1056.2841796875,2841.530029296875,351.3661193847656,2419.125732421875,1056.2841796875,2842.076416015625,1239.34423828125
2419.125732421875,1056.2841796875,2841.530029296875,351.3661193847656,2419.125732421875,1056.2841796875,2842.076416015625,1239.34423828125
2422.404296875,1021.85791015625,1327.3223876953125,1066.1202392578125,2419.125732421875,1046.4481201171875,2841.530029296875,1066.1202392578125
2422.404296875,1041.530029296875,1639.34423828125,1296.1748046875,2419.125732421875,1046.4481201171875,2832.786865234375,1066.1202392578125
2422.404296875,1041.530029296875,1639.34423828125,1296.1748046875,2419.125732421875,1046.4481201171875,2832.786865234375,1066.1202392578125
2420.76513671875,1042.6229248046875,2034.97265625,1275.956298828125,2420.76513671875,1042.6229248046875,2034.97265625,1066.1202392578125
2419.672119140625,1019.672119140625,2874.31689453125,1273.7705078125,2420.76513671875,1041.530029296875,2034.97265625,1273.7705078125
2419.672119140625,1019.672119140625,2874.31689453125,1273.7705078125,2420.76513671875,1041.530029296875,2034.97265625,1273.7705078125
2419.672119140625,1020.7650146484375,2875.409912109375,1286.3387451171875,2420.76513671875,1021.85791015625,2034.97265625,1275.956298828125
2424.590087890625,1043.7158203125,2872.131103515625,1292.8961181640625,2420.76513671875,1041.530029296875,2872.131103515625,1286.3387451171875
2424.590087890625,1043.7158203125,2872.131103515625,1292.8961181640625,2420.76513671875,1041.530029296875,2872.131103515625,1286.3387451171875
2234.42626953125,2790.71044921875,2928.415283203125,1297.2677001953125,2419.672119140625,1042.6229248046875,2874.31689453125,1286.3387451171875
2417.486328125,1015.300537109375,2832.240478515625,478.68853759765625,2419.672119140625,1020.7650146484375,2874.31689453125,1286.3387451171875
2425.13671875,1045.355224609375,1993.989013671875,1277.0491943359375,2419.672119140625,1043.7158203125,2872.131103515625,1286.3387451171875
2425.13671875,1045.355224609375,1993.989013671875,1277.0491943359375,2419.672119140625,1043.7158203125,2872.131103515625,1286.3387451171875
2415.300537109375,1044.2623291015625,2871.584716796875,711.4754028320312,2417.486328125,1044.2623291015625,2871.584716796875,1277.0491943359375
2418.03271484375,1010.928955078125,1015.8469848632812,1282.513671875,2417.486328125,1044.2623291015625,2832.240478515625,1277.0491943359375
2418.03271484375,1010.928955078125,1015.8469848632812,1282.513671875,2417.486328125,1044.2623291015625,2832.240478515625,1277.0491943359375
2422.404296875,1063.9344482421875,1554.098388671875,1243.7158203125,2418.03271484375,1044.2623291015625,1993.989013671875,1243.7158203125
2416.93994140625,1050.8197021484375,3097.814208984375,1294.5355224609375,2418.03271484375,1045.355224609375,1993.989013671875,1277.0491943359375
2416.93994140625,1050.8197021484375,3097.814208984375,1294.5355224609375,2418.03271484375,1045.355224609375,1993.989013671875,1277.0491943359375
2420.76513671875,1010.928955078125,2871.584716796875,493.442626953125,2418.03271484375,1044.2623291015625,2871.584716796875,1243.7158203125
2216.93994140625,2737.158447265625,2878.6884765625,518.5792236328125,2418.03271484375,1050.8197021484375,2871.584716796875,1243.7158203125
2216.93994140625,2737.158447265625,2878.6884765625,518.5792236328125,2418.03271484375,1050.8197021484375,2871.584716796875,1243.7158203125
2418.579345703125,1053.5518798828125,2869.9453125,661.2022094726562,2418.579345703125,1053.5518798828125,2871.584716796875,661.2022094726562
2424.590087890625,1050.273193359375,1373.7705078125,1096.1748046875,2418.579345703125,1050.8197021484375,2871.584716796875,661.2022094726562
2424.590087890625,1050.273193359375,1373.7705078125,1096.1748046875,2418.579345703125,1050.8197021484375,2871.584716796875,661.2022094726562
2417.486328125,1053.5518798828125,2657.376953125,1298.360595703125,2418.579345703125,1053.5518798828125,2869.9453125,661.2022094726562
2422.950927734375,1009.8360595703125,2917.486328125,1284.699462890625,2418.579345703125,1053.5518798828125,2869.9453125,1096.1748046875
2420.218505859375,1049.726806640625,1771.584716796875,1057.9234619140625,2420.218505859375,1050.273193359375,2657.376953125,1096.1748046875
2420.218505859375,1049.726806640625,1771.584716796875,1057.9234619140625,2420.218505859375,1050.273193359375,2657.376953125,1096.1748046875
2420.76513671875,1043.7158203125,2701.093017578125,1281.9671630859375,2420.76513671875,1049.726806640625,2657.376953125,1281.9671630859375
2424.043701171875,1052.458984375,1809.8360595703125,1281.9671630859375,2420.76513671875,1049.726806640625,2657.376953125,1281.9671630859375
2424.043701171875,1052.458984375,1809.8360595703125,1281.9671630859375,2420.76513671875,1049.726806640625,2657.376953125,1281.9671630859375
2338.7978515625,1775.956298828125,1771.584716796875,1289.617431640625,2420.76513671875,1049.726806640625,1809.8360595703125,1281.9671630859375
2420.76513671875,1045.355224609375,2210.382568359375,744.2622680664062,2420.76513671875,1049.726806640625,1809.8360595703125,1281.9671630859375
2420.76513671875,1045.355224609375,2210.382568359375,744.2622680664062,2420.76513671875,1049.726806640625,1809.8360595703125,1281.9671630859375
2419.672119140625,1043.16943359375,3099.45361328125,444.2622985839844,2420.76513671875,1045.355224609375,2210.382568359375,1281.9671630859375
2422.404296875,1187.431640625,2130.60107421875,921.3114624023438,2420.76513671875,1052.458984375,2130.60107421875,921.3114624023438
2422.404296875,1187.431640625,2130.60107421875,921.3114624023438,2420.76513671875,1052.458984375,2130.60107421875,921.3114624023438
2421.85791015625,1010.3825073242188,2870.49169921875,1280.327880859375,2420.76513671875,1045.355224609375,2210.382568359375,921.3114624023438
2421.85791015625,1048.08740234375,2836.612060546875,579.2349853515625,2421.85791015625,1045.355224609375,2836.612060546875,744.2622680664062
2419.672119140625,1054.644775390625,2840.437255859375,1281.4207763671875,2421.85791015625,1048.08740234375,2840.437255859375,921.3114624023438
2419.672119140625,1054.644775390625,2840.437255859375,1281.4207763671875,2421.85791015625,1048.08740234375,2840.437255859375,921.3114624023438
2421.85791015625,1012.5682983398438,2073.22412109375,1291.80322265625,2421.85791015625,1048.08740234375,2836.612060546875,1280.327880859375
2381.96728515625,1187.431640625,2871.584716796875,1293.442626953125,2421.85791015625,1048.08740234375,2840.437255859375,1281.4207763671875
2381.96728515625,1187.431640625,2871.584716796875,1293.442626953125,2421.85791015625,1048.08740234375,2840.437255859375,1281.4207763671875
2420.76513671875,732.786865234375,969.9453735351562,386.33880615234375,2420.76513671875,1048.08740234375,2836.612060546875,1281.4207763671875
2423.497314453125,1010.928955078125,1679.2349853515625,834.4262084960938,2420.76513671875,1012.5682983398438,2073.22412109375,1281.4207763671875
2423.497314453125,1010.928955078125,1679.2349853515625,834.4262084960938,2420.76513671875,1012.5682983398438,2073.22412109375,1281.4207763671875
2418.03271484375,1456.83056640625,2840.983642578125,680.8743286132812,2420.76513671875,1012.5682983398438,2073.22412109375,834.4262084960938
2424.043701171875,1013.6611938476562,2874.31689453125,1274.31689453125,2420.76513671875,1013.6611938476562,2840.983642578125,834.4262084960938
2424.043701171875,1013.6611938476562,2874.31689453125,1274.31689453125,2420.76513671875,1013.6611938476562,2840.983642578125,834.4262084960938
2414.754150390625,1011.4754028320312,2870.49169921875,1286.3387451171875,2420.76513671875,1011.4754028320312,2840.983642578125,834.4262084960938
2424.590087890625,1057.9234619140625,2872.131103515625,1283.06005859375,2423.497314453125,1013.6611938476562,2870.49169921875,1274.31689453125
2420.218505859375,1049.726806640625,2836.065673828125,1297.814208984375,2420.218505859375,1049.726806640625,2870.49169921875,1283.06005859375
2420.218505859375,1049.726806640625,2836.065673828125,1297.814208984375,2420.218505859375,1049.726806640625,2870.49169921875,1283.06005859375
2419.125732421875,1044.2623291015625,2743.7158203125,714.2076416015625,2420.218505859375,1044.2623291015625,2870.49169921875,1283.06005859375
2422.404296875,1012.0218505859375,2871.584716796875,456.2841491699219,2420.218505859375,1044.2623291015625,2870.49169921875,1283.06005859375
2422.404296875,1012.0218505859375,2871.584716796875,456.2841491699219,2420.218505859375,1044.2623291015625,2870.49169921875,1283.06005859375
2421.85791015625,1019.1256713867188,972.1311645507812,703.8251342773438,2421.85791015625,1044.2623291015625,2836.065673828125,714.2076416015625
2419.672119140625,2420.218505859375,1255.7376708984375,1014.2076416015625,2420.218505859375,1044.2623291015625,2743.7158203125,714.2076416015625
2419.672119140625,2420.218505859375,1255.7376708984375,1014.2076416015625,2420.218505859375,1044.2623291015625,2743.7158203125,714.2076416015625
2421.3115234375,1043.16943359375,1454.098388671875,1285.7923583984375,2421.3115234375,1043.16943359375,1454.098388671875,714.2076416015625
2428.961669921875,1052.458984375,2873.22412109375,832.2404174804688,2421.85791015625,1043.16943359375,1454.098388671875,832.2404174804688
2428.961669921875,1052.458984375,2873.22412109375,832.2404174804688,2421.85791015625,1043.16943359375,1454.098388671875,832.2404174804688
2420.76513671875,1055.1912841796875,2837.704833984375,1293.442626953125,2421.3115234375,1052.458984375,1454.098388671875,1014.2076416015625
2420.76513671875,1006.0109252929688,2872.131103515625,1300.5465087890625,2420.76513671875,1052.458984375,2837.704833984375,1285.7923583984375
2420.76513671875,1006.0109252929688,2872.131103515625,1300.5465087890625,2420.76513671875,1052.458984375,2837.704833984375,1285.7923583984375
2361.2021484375,2282.513671875,2879.23486328125,1284.1529541015625,2420.76513671875,1052.458984375,2872.131103515625,1285.7923583984375
2419.672119140625,1007.1038208007812,2872.131103515625,455.7377014160156,2420.76513671875,1052.458984375,2872.131103515625,1284.1529541015625
2418.579345703125,1010.928955078125,2040.983642578125,624.043701171875,2419.672119140625,1010.928955078125,2872.131103515625,1284.1529541015625
2418.579345703125,1010.928955078125,2040.983642578125,624.043701171875,2419.672119140625,1010.928955078125,2872.131103515625,1284.1529541015625
2347.541015625,2780.327880859375,2210.928955078125,1275.956298828125,2418.579345703125,1010.928955078125,2872.131103515625,1275.956298828125
2421.3115234375,1051.91259765625,2871.038330078125,1286.88525390625,2418.579345703125,1051.91259765625,2871.038330078125,1275.956298828125
2421.3115234375,1051.91259765625,2871.038330078125,1286.88525390625,2418.579345703125,1051.91259765625,2871.038330078125,1275.956298828125
2422.404296875,1021.3114624023438,2875.409912109375,1280.874267578125,2419.672119140625,1021.3114624023438,2871.038330078125,1275.956298828125
2418.03271484375,987.4317016601562,1061.2021484375,1300.0,2418.579345703125,1021.3114624023438,2210.928955078125,1280.874267578125
2418.03271484375,987.4317016601562,1061.2021484375,1300.0,2418.579345703125,1021.3114624023438,2210.928955078125,1280.874267578125
2420.76513671875,1042.0765380859375,1065.57373046875,1280.327880859375,2420.76513671875,1042.0765380859375,2210.928955078125,1280.874267578125
2424.043701171875,1204.37158203125,2613.11474609375,1286.88525390625,2421.3115234375,1042.0765380859375,2613.11474609375,1286.88525390625
2424.043701171875,1204.37158203125,2613.11474609375,1286.88525390625,2421.3115234375,1042.0765380859375,2613.11474609375,1286.88525390625
2420.218505859375,1056.2841796875,2833.8798828125,1017.486328125,2420.76513671875,1042.0765380859375,2613.11474609375,1280.874267578125
2421.85791015625,1006.557373046875,2874.31689453125,625.6830444335938,2420.76513671875,1042.0765380859375,2613.11474609375,1280.327880859375
2290.163818359375,2842.623046875,1376.502685546875,1100.0,2420.76513671875,1056.2841796875,2613.11474609375,1100.0
2290.163818359375,2842.623046875,1376.502685546875,1100.0,2420.76513671875,1056.2841796875,2613.11474609375,1100.0
2416.93994140625,1053.5518798828125,2920.76513671875,1230.60107421875,2420.218505859375,1056.2841796875,2833.8798828125,1100.0
2421.3115234375,1051.91259765625,2873.7705078125,1279.2349853515625,2420.218505859375,1053.5518798828125,2873.7705078125,1100.0
2421.3115234375,1051.91259765625,2873.7705078125,1279.2349853515625,2420.218505859375,1053.5518798828125,2873.7705078125,1100.0
2420.76513671875,1014.7540893554688,2618.579345703125,1042.0765380859375,2420.76513671875,1051.91259765625,2873.7705078125,1100.0
2420.218505859375,1053.0054931640625,1105.4644775390625,1281.4207763671875,2420.218505859375,1053.0054931640625,2618.579345703125,1230.60107421875
2420.218505859375,1053.0054931640625,1105.4644775390625,1281.4207763671875,2420.218505859375,1053.0054931640625,2618.579345703125,1230.60107421875
2420.218505859375,1046.9945068359375,1191.2568359375,1296.7213134765625,2420.218505859375,1051.91259765625,2618.579345703125,1279.2349853515625
2420.76513671875,1044.8087158203125,1549.726806640625,1279.7813720703125,2420.76513671875,1046.9945068359375,1549.726806640625,1279.7813720703125
2420.76513671875,1044.8087158203125,1549.726806640625,1279.7813720703125,2420.76513671875,1046.9945068359375,1549.726806640625,1279.7813720703125
2424.590087890625,1007.6502685546875,2869.39892578125,571.0382690429688,2420.76513671875,1044.8087158203125,1549.726806640625,1279.7813720703125
2340.437255859375,2061.74853515625,1854.644775390625,1277.5955810546875,2420.218505859375,1046.9945068359375,1549.726806640625,1279.7813720703125
2421.85791015625,1051.91259765625,2871.038330078125,1290.1639404296875,2420.76513671875,1046.9945068359375,1854.644775390625,1279.7813720703125
2421.85791015625,1051.91259765625,2871.038330078125,1290.1639404296875,2420.76513671875,1046.9945068359375,1854.644775390625,1279.7813720703125
2422.950927734375,1054.098388671875,2872.677490234375,1272.6776123046875,2421.85791015625,1051.91259765625,2869.39892578125,1277.5955810546875
2419.125732421875,1004.9180297851562,2842.623046875,1263.9344482421875,2421.85791015625,1051.91259765625,2869.39892578125,1272.6776123046875
2419.125732421875,1004.9180297851562,2842.623046875,1263.9344482421875,2421.85791015625,1051.91259765625,2869.39892578125,1272.6776123046875
2420.218505859375,1051.91259765625,2835.51904296875,638.2513427734375,2420.218505859375,1051.91259765625,2842.623046875,1272.6776123046875
2422.950927734375,995.0819702148438,2871.584716796875,1285.245849609375,2421.85791015625,1051.91259765625,2871.038330078125,1272.6776123046875
2422.950927734375,995.0819702148438,2871.584716796875,1285.245849609375,2421.85791015625,1051.91259765625,2871.038330078125,1272.6776123046875
2419.672119140625,784.1530151367188,485.7923583984375,1283.06005859375,2420.218505859375,1004.9180297851562,2842.623046875,1272.6776123046875
2415.300537109375,1045.901611328125,1014.7540893554688,438.2513732910156,2419.672119140625,1004.9180297851562,2835.51904296875,1263.9344482421875
2415.300537109375,1045.901611328125,1014.7540893554688,438.2513732910156,2419.672119140625,1004.9180297851562,2835.51904296875,1263.9344482421875
2314.207763671875,2789.617431640625,2486.3388671875,1280.327880859375,2419.672119140625,1045.901611328125,2486.3388671875,1280.327880859375
2421.3115234375,1048.08740234375,2871.038330078125,1272.6776123046875,2419.672119140625,1045.901611328125,2486.3388671875,1280.327880859375
2421.85791015625,1233.8797607421875,2833.8798828125,1278.14208984375,2419.672119140625,1048.08740234375,2486.3388671875,1278.14208984375
