844.8087158203125,799.4535522460938,525.1365966796875,968.3060302734375,827.3223876953125,1134.42626953125,518.0327758789062,968.3060302734375
844.8087158203125,799.4535522460938,525.1365966796875,968.3060302734375,827.3223876953125,1134.42626953125,518.0327758789062,968.3060302734375
844.8087158203125,799.4535522460938,525.1365966796875,968.3060302734375,827.3223876953125,1134.42626953125,518.0327758789062,968.3060302734375
844.8087158203125,799.4535522460938,525.1365966796875,968.3060302734375,827.3223876953125,1134.42626953125,518.0327758789062,968.3060302734375
936.0655517578125,1143.16943359375,513.11474609375,982.513671875,844.8087158203125,1134.42626953125,513.11474609375,968.3060302734375
936.0655517578125,1143.16943359375,513.11474609375,982.513671875,844.8087158203125,1134.42626953125,513.11474609375,968.3060302734375
937.7048950195312,815.8469848632812,512.5682983398438,972.6776123046875,936.0655517578125,815.8469848632812,513.11474609375,968.3060302734375
937.7048950195312,815.8469848632812,512.5682983398438,972.6776123046875,936.0655517578125,815.8469848632812,513.11474609375,968.3060302734375
937.7048950195312,815.8469848632812,512.5682983398438,972.6776123046875,936.0655517578125,815.8469848632812,513.11474609375,968.3060302734375
924.5901489257812,1275.956298828125,507.6502685546875,981.4207763671875,924.5901489257812,815.8469848632812,512.5682983398438,972.6776123046875
924.5901489257812,1275.956298828125,507.6502685546875,981.4207763671875,924.5901489257812,815.8469848632812,512.5682983398438,972.6776123046875
934.97265625,800.5464477539062,504.91802978515625,981.9672241210938,934.97265625,815.8469848632812,512.5682983398438,981.4207763671875
934.97265625,800.5464477539062,504.91802978515625,981.9672241210938,934.97265625,815.8469848632812,512.5682983398438,981.4207763671875
934.97265625,800.5464477539062,504.91802978515625,981.9672241210938,934.97265625,815.8469848632812,512.5682983398438,981.4207763671875
931.1475219726562,1265.57373046875,580.327880859375,1007.6502685546875,934.97265625,1143.16943359375,512.5682983398438,981.9672241210938
931.1475219726562,1265.57373046875,580.327880859375,1007.6502685546875,934.97265625,1143.16943359375,512.5682983398438,981.9672241210938
924.5901489257812,1982.513671875,900.0,746.9945068359375,931.1475219726562,1265.57373046875,512.5682983398438,981.4207763671875
924.5901489257812,1982.513671875,900.0,746.9945068359375,931.1475219726562,1265.57373046875,512.5682983398438,981.4207763671875
924.5901489257812,1982.513671875,900.0,746.9945068359375,931.1475219726562,1265.57373046875,512.5682983398438,981.4207763671875
1289.617431640625,1643.16943359375,522.4043579101562,553.5519409179688,931.1475219726562,1275.956298828125,522.4043579101562,981.4207763671875
1289.617431640625,1643.16943359375,522.4043579101562,553.5519409179688,931.1475219726562,1275.956298828125,522.4043579101562,981.4207763671875
1022.4043579101562,1230.0546875,508.7431640625,970.4918212890625,934.97265625,1265.57373046875,522.4043579101562,970.4918212890625
1022.4043579101562,1230.0546875,508.7431640625,970.4918212890625,934.97265625,1265.57373046875,522.4043579101562,970.4918212890625
1022.4043579101562,1230.0546875,508.7431640625,970.4918212890625,934.97265625,1265.57373046875,522.4043579101562,970.4918212890625
945.901611328125,1104.37158203125,521.85791015625,972.1311645507812,945.901611328125,1265.57373046875,522.4043579101562,970.4918212890625
945.901611328125,1104.37158203125,521.85791015625,972.1311645507812,945.901611328125,1265.57373046875,522.4043579101562,970.4918212890625
960.1093139648438,1144.8087158203125,527.3223876953125,972.1311645507812,960.1093139648438,1230.0546875,522.4043579101562,970.4918212890625
960.1093139648438,1144.8087158203125,527.3223876953125,972.1311645507812,960.1093139648438,1230.0546875,522.4043579101562,970.4918212890625
925.6830444335938,1138.2513427734375,516.3934326171875,972.6776123046875,960.1093139648438,1144.8087158203125,521.85791015625,972.1311645507812
925.6830444335938,1138.2513427734375,516.3934326171875,972.6776123046875,960.1093139648438,1144.8087158203125,521.85791015625,972.1311645507812
925.6830444335938,1138.2513427734375,516.3934326171875,972.6776123046875,960.1093139648438,1144.8087158203125,521.85791015625,972.1311645507812
950.2732543945312,799.4535522460938,516.9398803710938,983.6065673828125,950.2732543945312,1138.2513427734375,516.9398803710938,972.1311645507812
950.2732543945312,799.4535522460938,516.9398803710938,983.6065673828125,950.2732543945312,1138.2513427734375,516.9398803710938,972.1311645507812
816.9398803710938,1146.4481201171875,508.19671630859375,994.5355224609375,945.901611328125,1138.2513427734375,516.9398803710938,972.6776123046875
816.9398803710938,1146.4481201171875,508.19671630859375,994.5355224609375,945.901611328125,1138.2513427734375,516.9398803710938,972.6776123046875
816.9398803710938,1146.4481201171875,508.19671630859375,994.5355224609375,945.901611328125,1138.2513427734375,516.9398803710938,972.6776123046875
934.97265625,1268.8524169921875,502.73223876953125,975.956298828125,934.97265625,1144.8087158203125,516.3934326171875,975.956298828125
934.97265625,1268.8524169921875,502.73223876953125,975.956298828125,934.97265625,1144.8087158203125,516.3934326171875,975.956298828125
975.956298828125,1271.0382080078125,507.10382080078125,714.2076416015625,934.97265625,1146.4481201171875,508.19671630859375,975.956298828125
975.956298828125,1271.0382080078125,507.10382080078125,714.2076416015625,934.97265625,1146.4481201171875,508.19671630859375,975.956298828125
975.956298828125,1271.0382080078125,507.10382080078125,714.2076416015625,934.97265625,1146.4481201171875,508.19671630859375,975.956298828125
973.7705078125,1267.213134765625,505.4644775390625,974.3169555664062,950.2732543945312,1267.213134765625,507.10382080078125,975.956298828125
973.7705078125,1267.213134765625,505.4644775390625,974.3169555664062,950.2732543945312,1267.213134765625,507.10382080078125,975.956298828125
969.9453735351562,1148.6339111328125,502.73223876953125,965.02734375,969.9453735351562,1267.213134765625,505.4644775390625,974.3169555664062
969.9453735351562,1148.6339111328125,502.73223876953125,965.02734375,969.9453735351562,1267.213134765625,505.4644775390625,974.3169555664062
969.9453735351562,1148.6339111328125,502.73223876953125,965.02734375,969.9453735351562,1267.213134765625,505.4644775390625,974.3169555664062
932.786865234375,1273.7705078125,521.3114624023438,980.327880859375,969.9453735351562,1268.8524169921875,505.4644775390625,974.3169555664062
932.786865234375,1273.7705078125,521.3114624023438,980.327880859375,969.9453735351562,1268.8524169921875,505.4644775390625,974.3169555664062
930.0546264648438,1144.2623291015625,520.7650146484375,971.584716796875,969.9453735351562,1267.213134765625,507.10382080078125,971.584716796875
930.0546264648438,1144.2623291015625,520.7650146484375,971.584716796875,969.9453735351562,1267.213134765625,507.10382080078125,971.584716796875
926.7759399414062,1150.8197021484375,512.0218505859375,989.6174926757812,932.786865234375,1150.8197021484375,512.0218505859375,974.3169555664062
926.7759399414062,1150.8197021484375,512.0218505859375,989.6174926757812,932.786865234375,1150.8197021484375,512.0218505859375,974.3169555664062
926.7759399414062,1150.8197021484375,512.0218505859375,989.6174926757812,932.786865234375,1150.8197021484375,512.0218505859375,974.3169555664062
931.1475219726562,1267.759521484375,586.3388061523438,1037.158447265625,931.1475219726562,1150.8197021484375,520.7650146484375,980.327880859375
931.1475219726562,1267.759521484375,586.3388061523438,1037.158447265625,931.1475219726562,1150.8197021484375,520.7650146484375,980.327880859375
929.5081787109375,2278.6884765625,927.3223876953125,1020.2185668945312,930.0546264648438,1267.759521484375,521.3114624023438,989.6174926757812
929.5081787109375,2278.6884765625,927.3223876953125,1020.2185668945312,930.0546264648438,1267.759521484375,521.3114624023438,989.6174926757812
929.5081787109375,2278.6884765625,927.3223876953125,1020.2185668945312,930.0546264648438,1267.759521484375,521.3114624023438,989.6174926757812
1315.300537109375,2704.91796875,919.672119140625,664.4808959960938,930.0546264648438,1267.759521484375,586.3388061523438,989.6174926757812
1315.300537109375,2704.91796875,919.672119140625,664.4808959960938,930.0546264648438,1267.759521484375,586.3388061523438,989.6174926757812
1203.2786865234375,1412.568359375,509.28961181640625,969.9453735351562,931.1475219726562,1412.568359375,586.3388061523438,989.6174926757812
1203.2786865234375,1412.568359375,509.28961181640625,969.9453735351562,931.1475219726562,1412.568359375,586.3388061523438,989.6174926757812
1203.2786865234375,1412.568359375,509.28961181640625,969.9453735351562,931.1475219726562,1412.568359375,586.3388061523438,989.6174926757812
1234.97265625,2634.97265625,650.8197021484375,975.4098510742188,1203.2786865234375,2278.6884765625,650.8197021484375,975.4098510742188
1234.97265625,2634.97265625,650.8197021484375,975.4098510742188,1203.2786865234375,2278.6884765625,650.8197021484375,975.4098510742188
927.8688354492188,1139.8907470703125,503.2786865234375,972.1311645507812,1203.2786865234375,2278.6884765625,650.8197021484375,972.1311645507812
927.8688354492188,1139.8907470703125,503.2786865234375,972.1311645507812,1203.2786865234375,2278.6884765625,650.8197021484375,972.1311645507812
927.8688354492188,1139.8907470703125,503.2786865234375,972.1311645507812,1203.2786865234375,2278.6884765625,650.8197021484375,972.1311645507812
924.5901489257812,1143.7158203125,519.672119140625,975.4098510742188,1203.2786865234375,1412.568359375,519.672119140625,972.1311645507812
924.5901489257812,1143.7158203125,519.672119140625,975.4098510742188,1203.2786865234375,1412.568359375,519.672119140625,972.1311645507812
925.6830444335938,802.7322387695312,512.0218505859375,974.8634033203125,927.8688354492188,1143.7158203125,512.0218505859375,974.8634033203125
925.6830444335938,802.7322387695312,512.0218505859375,974.8634033203125,927.8688354492188,1143.7158203125,512.0218505859375,974.8634033203125
925.6830444335938,802.7322387695312,512.0218505859375,974.8634033203125,927.8688354492188,1143.7158203125,512.0218505859375,974.8634033203125
925.6830444335938,1266.1202392578125,506.01092529296875,996.7213134765625,925.6830444335938,1143.7158203125,512.0218505859375,975.4098510742188
925.6830444335938,1266.1202392578125,506.01092529296875,996.7213134765625,925.6830444335938,1143.7158203125,512.0218505859375,975.4098510742188
926.7759399414062,1261.7486572265625,507.10382080078125,980.327880859375,925.6830444335938,1143.7158203125,507.10382080078125,975.4098510742188
926.7759399414062,1261.7486572265625,507.10382080078125,980.327880859375,925.6830444335938,1143.7158203125,507.10382080078125,975.4098510742188
930.0546264648438,1270.4918212890625,522.9508056640625,547.5409545898438,925.6830444335938,1261.7486572265625,512.0218505859375,975.4098510742188
930.0546264648438,1270.4918212890625,522.9508056640625,547.5409545898438,925.6830444335938,1261.7486572265625,512.0218505859375,975.4098510742188
930.0546264648438,1270.4918212890625,522.9508056640625,547.5409545898438,925.6830444335938,1261.7486572265625,512.0218505859375,975.4098510742188
932.2404174804688,1267.759521484375,512.5682983398438,974.3169555664062,926.7759399414062,1266.1202392578125,512.0218505859375,974.8634033203125
932.2404174804688,1267.759521484375,512.5682983398438,974.3169555664062,926.7759399414062,1266.1202392578125,512.0218505859375,974.8634033203125
931.6939697265625,800.0,505.4644775390625,980.8743286132812,930.0546264648438,1266.1202392578125,507.10382080078125,980.327880859375
931.6939697265625,800.0,505.4644775390625,980.8743286132812,930.0546264648438,1266.1202392578125,507.10382080078125,980.327880859375
931.6939697265625,800.0,505.4644775390625,980.8743286132812,930.0546264648438,1266.1202392578125,507.10382080078125,980.327880859375
924.5901489257812,1276.502685546875,510.928955078125,967.7595825195312,930.0546264648438,1267.759521484375,510.928955078125,974.3169555664062
924.5901489257812,1276.502685546875,510.928955078125,967.7595825195312,930.0546264648438,1267.759521484375,510.928955078125,974.3169555664062
927.8688354492188,1149.726806640625,502.73223876953125,980.327880859375,930.0546264648438,1267.759521484375,510.928955078125,974.3169555664062
927.8688354492188,1149.726806640625,502.73223876953125,980.327880859375,930.0546264648438,1267.759521484375,510.928955078125,974.3169555664062
927.8688354492188,1149.726806640625,502.73223876953125,980.327880859375,930.0546264648438,1267.759521484375,510.928955078125,974.3169555664062
928.9617309570312,1144.8087158203125,508.7431640625,983.6065673828125,928.9617309570312,1149.726806640625,508.7431640625,980.327880859375
928.9617309570312,1144.8087158203125,508.7431640625,983.6065673828125,928.9617309570312,1149.726806640625,508.7431640625,980.327880859375
925.6830444335938,1267.213134765625,721.3114624023438,1039.34423828125,927.8688354492188,1149.726806640625,508.7431640625,980.8743286132812
925.6830444335938,1267.213134765625,721.3114624023438,1039.34423828125,927.8688354492188,1149.726806640625,508.7431640625,980.8743286132812
925.6830444335938,1267.213134765625,721.3114624023438,1039.34423828125,927.8688354492188,1149.726806640625,508.7431640625,980.8743286132812
924.043701171875,2555.73779296875,892.3497314453125,1009.2896118164062,925.6830444335938,1267.213134765625,510.928955078125,983.6065673828125
924.043701171875,2555.73779296875,892.3497314453125,1009.2896118164062,925.6830444335938,1267.213134765625,510.928955078125,983.6065673828125
1340.983642578125,2567.759521484375,878.14208984375,985.7923583984375,927.8688354492188,1267.213134765625,721.3114624023438,985.7923583984375
1340.983642578125,2567.759521484375,878.14208984375,985.7923583984375,927.8688354492188,1267.213134765625,721.3114624023438,985.7923583984375
1340.983642578125,2567.759521484375,878.14208984375,985.7923583984375,927.8688354492188,1267.213134765625,721.3114624023438,985.7923583984375
1286.3387451171875,2510.382568359375,553.0054931640625,761.7486572265625,928.9617309570312,2510.382568359375,721.3114624023438,985.7923583984375
1286.3387451171875,2510.382568359375,553.0054931640625,761.7486572265625,928.9617309570312,2510.382568359375,721.3114624023438,985.7923583984375
945.3551635742188,859.5628662109375,530.60107421875,974.8634033203125,945.3551635742188,2510.382568359375,721.3114624023438,985.7923583984375
945.3551635742188,859.5628662109375,530.60107421875,974.8634033203125,945.3551635742188,2510.382568359375,721.3114624023438,985.7923583984375
925.6830444335938,1139.8907470703125,532.2404174804688,981.4207763671875,945.3551635742188,2510.382568359375,553.0054931640625,981.4207763671875
925.6830444335938,1139.8907470703125,532.2404174804688,981.4207763671875,945.3551635742188,2510.382568359375,553.0054931640625,981.4207763671875
925.6830444335938,1139.8907470703125,532.2404174804688,981.4207763671875,945.3551635742188,2510.382568359375,553.0054931640625,981.4207763671875
919.672119140625,798.3606567382812,516.9398803710938,977.0491943359375,945.3551635742188,1139.8907470703125,532.2404174804688,977.0491943359375
919.672119140625,798.3606567382812,516.9398803710938,977.0491943359375,945.3551635742188,1139.8907470703125,532.2404174804688,977.0491943359375
1290.7103271484375,2572.131103515625,636.6119995117188,984.699462890625,945.3551635742188,1139.8907470703125,532.2404174804688,977.0491943359375
1290.7103271484375,2572.131103515625,636.6119995117188,984.699462890625,945.3551635742188,1139.8907470703125,532.2404174804688,977.0491943359375
1290.7103271484375,2572.131103515625,636.6119995117188,984.699462890625,945.3551635742188,1139.8907470703125,532.2404174804688,977.0491943359375
925.1365966796875,1271.0382080078125,514.2076416015625,984.1530151367188,925.6830444335938,1139.8907470703125,530.60107421875,981.4207763671875
925.1365966796875,1271.0382080078125,514.2076416015625,984.1530151367188,925.6830444335938,1139.8907470703125,530.60107421875,981.4207763671875
924.043701171875,1225.1365966796875,505.4644775390625,988.5245971679688,925.1365966796875,1225.1365966796875,516.9398803710938,984.1530151367188
924.043701171875,1225.1365966796875,505.4644775390625,988.5245971679688,925.1365966796875,1225.1365966796875,516.9398803710938,984.1530151367188
924.043701171875,1225.1365966796875,505.4644775390625,988.5245971679688,925.1365966796875,1225.1365966796875,516.9398803710938,984.1530151367188
912.5682983398438,1260.65576171875,508.7431640625,981.4207763671875,924.043701171875,1260.65576171875,514.2076416015625,984.1530151367188
912.5682983398438,1260.65576171875,508.7431640625,981.4207763671875,924.043701171875,1260.65576171875,514.2076416015625,984.1530151367188
921.3114624023438,802.185791015625,504.91802978515625,975.956298828125,924.043701171875,1260.65576171875,508.7431640625,984.1530151367188
921.3114624023438,802.185791015625,504.91802978515625,975.956298828125,924.043701171875,1260.65576171875,508.7431640625,984.1530151367188
921.3114624023438,802.185791015625,504.91802978515625,975.956298828125,924.043701171875,1260.65576171875,508.7431640625,984.1530151367188
926.2294921875,802.185791015625,511.47540283203125,806.0109252929688,924.043701171875,1225.1365966796875,508.7431640625,981.4207763671875
926.2294921875,802.185791015625,511.47540283203125,806.0109252929688,924.043701171875,1225.1365966796875,508.7431640625,981.4207763671875
934.4262084960938,1146.4481201171875,504.37158203125,974.8634033203125,924.043701171875,1146.4481201171875,505.4644775390625,975.956298828125
934.4262084960938,1146.4481201171875,504.37158203125,974.8634033203125,924.043701171875,1146.4481201171875,505.4644775390625,975.956298828125
934.4262084960938,1146.4481201171875,504.37158203125,974.8634033203125,924.043701171875,1146.4481201171875,505.4644775390625,975.956298828125
928.415283203125,1268.3060302734375,526.2294921875,972.6776123046875,926.2294921875,1146.4481201171875,508.7431640625,974.8634033203125
928.415283203125,1268.3060302734375,526.2294921875,972.6776123046875,926.2294921875,1146.4481201171875,508.7431640625,974.8634033203125
927.3223876953125,1269.39892578125,501.63934326171875,987.4317016601562,927.3223876953125,1146.4481201171875,504.91802978515625,974.8634033203125
927.3223876953125,1269.39892578125,501.63934326171875,987.4317016601562,927.3223876953125,1146.4481201171875,504.91802978515625,974.8634033203125
927.3223876953125,1269.39892578125,501.63934326171875,987.4317016601562,927.3223876953125,1146.4481201171875,504.91802978515625,974.8634033203125
842.6229248046875,1147.541015625,918.5792236328125,1018.0327758789062,927.3223876953125,1147.541015625,511.47540283203125,974.8634033203125
842.6229248046875,1147.541015625,918.5792236328125,1018.0327758789062,927.3223876953125,1147.541015625,511.47540283203125,974.8634033203125
950.8197021484375,2627.322509765625,781.4207763671875,979.2349853515625,928.415283203125,1268.3060302734375,526.2294921875,979.2349853515625
950.8197021484375,2627.322509765625,781.4207763671875,979.2349853515625,928.415283203125,1268.3060302734375,526.2294921875,979.2349853515625
1255.7376708984375,1690.1639404296875,519.1256713867188,992.8961791992188,928.415283203125,1269.39892578125,526.2294921875,987.4317016601562
1255.7376708984375,1690.1639404296875,519.1256713867188,992.8961791992188,928.415283203125,1269.39892578125,526.2294921875,987.4317016601562
1255.7376708984375,1690.1639404296875,519.1256713867188,992.8961791992188,928.415283203125,1269.39892578125,526.2294921875,987.4317016601562
1229.5081787109375,2569.9453125,943.7158203125,1043.16943359375,950.8197021484375,1690.1639404296875,781.4207763671875,992.8961791992188
1229.5081787109375,2569.9453125,943.7158203125,1043.16943359375,950.8197021484375,1690.1639404296875,781.4207763671875,992.8961791992188
669.9453735351562,1110.382568359375,504.91802978515625,596.7213134765625,950.8197021484375,1690.1639404296875,781.4207763671875,992.8961791992188
669.9453735351562,1110.382568359375,504.91802978515625,596.7213134765625,950.8197021484375,1690.1639404296875,781.4207763671875,992.8961791992188
669.9453735351562,1110.382568359375,504.91802978515625,596.7213134765625,950.8197021484375,1690.1639404296875,781.4207763671875,992.8961791992188
585.7923583984375,1054.644775390625,512.5682983398438,806.557373046875,950.8197021484375,1690.1639404296875,519.1256713867188,979.2349853515625
585.7923583984375,1054.644775390625,512.5682983398438,806.557373046875,950.8197021484375,1690.1639404296875,519.1256713867188,979.2349853515625
589.071044921875,1312.568359375,517.486328125,967.7595825195312,669.9453735351562,1312.568359375,517.486328125,967.7595825195312
589.071044921875,1312.568359375,517.486328125,967.7595825195312,669.9453735351562,1312.568359375,517.486328125,967.7595825195312
589.071044921875,1312.568359375,517.486328125,967.7595825195312,669.9453735351562,1312.568359375,517.486328125,967.7595825195312
551.3661499023438,1259.5628662109375,503.2786865234375,969.39892578125,589.071044921875,1259.5628662109375,512.5682983398438,967.7595825195312
551.3661499023438,1259.5628662109375,503.2786865234375,969.39892578125,589.071044921875,1259.5628662109375,512.5682983398438,967.7595825195312
962.841552734375,1302.185791015625,508.19671630859375,974.8634033203125,589.071044921875,1259.5628662109375,508.19671630859375,967.7595825195312
962.841552734375,1302.185791015625,508.19671630859375,974.8634033203125,589.071044921875,1259.5628662109375,508.19671630859375,967.7595825195312
962.841552734375,1302.185791015625,508.19671630859375,974.8634033203125,589.071044921875,1259.5628662109375,508.19671630859375,967.7595825195312
543.7158203125,1276.502685546875,519.1256713867188,984.1530151367188,585.7923583984375,1276.502685546875,512.5682983398438,969.39892578125
543.7158203125,1276.502685546875,519.1256713867188,984.1530151367188,585.7923583984375,1276.502685546875,512.5682983398438,969.39892578125
615.8469848632812,1131.6939697265625,507.6502685546875,980.8743286132812,589.071044921875,1276.502685546875,508.19671630859375,974.8634033203125
615.8469848632812,1131.6939697265625,507.6502685546875,980.8743286132812,589.071044921875,1276.502685546875,508.19671630859375,974.8634033203125
548.08740234375,795.62841796875,505.4644775390625,975.4098510742188,551.3661499023438,1259.5628662109375,507.6502685546875,975.4098510742188
548.08740234375,795.62841796875,505.4644775390625,975.4098510742188,551.3661499023438,1259.5628662109375,507.6502685546875,975.4098510742188
548.08740234375,795.62841796875,505.4644775390625,975.4098510742188,551.3661499023438,1259.5628662109375,507.6502685546875,975.4098510742188
509.28961181640625,820.7650146484375,508.19671630859375,939.34423828125,548.08740234375,1131.6939697265625,508.19671630859375,975.4098510742188
509.28961181640625,820.7650146484375,508.19671630859375,939.34423828125,548.08740234375,1131.6939697265625,508.19671630859375,975.4098510742188
506.01092529296875,1139.34423828125,508.7431640625,991.2568359375,543.7158203125,1131.6939697265625,508.19671630859375,980.8743286132812
506.01092529296875,1139.34423828125,508.7431640625,991.2568359375,543.7158203125,1131.6939697265625,508.19671630859375,980.8743286132812
506.01092529296875,1139.34423828125,508.7431640625,991.2568359375,543.7158203125,1131.6939697265625,508.19671630859375,980.8743286132812
544.2622680664062,1161.2021484375,511.47540283203125,973.2240600585938,544.2622680664062,1131.6939697265625,508.19671630859375,975.4098510742188
544.2622680664062,1161.2021484375,511.47540283203125,973.2240600585938,544.2622680664062,1131.6939697265625,508.19671630859375,975.4098510742188
925.1365966796875,1150.8197021484375,516.9398803710938,979.2349853515625,544.2622680664062,1139.34423828125,508.7431640625,975.4098510742188
925.1365966796875,1150.8197021484375,516.9398803710938,979.2349853515625,544.2622680664062,1139.34423828125,508.7431640625,975.4098510742188
925.1365966796875,1150.8197021484375,516.9398803710938,979.2349853515625,544.2622680664062,1139.34423828125,508.7431640625,975.4098510742188
459.0163879394531,837.7048950195312,648.6338500976562,1004.37158203125,509.28961181640625,1139.34423828125,511.47540283203125,979.2349853515625
459.0163879394531,837.7048950195312,648.6338500976562,1004.37158203125,509.28961181640625,1139.34423828125,511.47540283203125,979.2349853515625
918.5792236328125,2511.475341796875,892.8961791992188,988.5245971679688,544.2622680664062,1150.8197021484375,516.9398803710938,988.5245971679688
918.5792236328125,2511.475341796875,892.8961791992188,988.5245971679688,544.2622680664062,1150.8197021484375,516.9398803710938,988.5245971679688
918.5792236328125,2511.475341796875,892.8961791992188,988.5245971679688,544.2622680664062,1150.8197021484375,516.9398803710938,988.5245971679688
1295.62841796875,2466.1201171875,825.6830444335938,985.2459106445312,918.5792236328125,1161.2021484375,648.6338500976562,985.2459106445312
1295.62841796875,2466.1201171875,825.6830444335938,985.2459106445312,918.5792236328125,1161.2021484375,648.6338500976562,985.2459106445312
567.7595825195312,845.3551635742188,504.91802978515625,600.0,918.5792236328125,1150.8197021484375,648.6338500976562,985.2459106445312
567.7595825195312,845.3551635742188,504.91802978515625,600.0,918.5792236328125,1150.8197021484375,648.6338500976562,985.2459106445312
567.7595825195312,845.3551635742188,504.91802978515625,600.0,918.5792236328125,1150.8197021484375,648.6338500976562,985.2459106445312
1077.5955810546875,1475.4097900390625,510.38250732421875,544.2622680664062,918.5792236328125,1475.4097900390625,648.6338500976562,985.2459106445312
1077.5955810546875,1475.4097900390625,510.38250732421875,544.2622680664062,918.5792236328125,1475.4097900390625,648.6338500976562,985.2459106445312
714.2076416015625,1272.131103515625,512.5682983398438,973.2240600585938,918.5792236328125,1475.4097900390625,512.5682983398438,973.2240600585938
714.2076416015625,1272.131103515625,512.5682983398438,973.2240600585938,918.5792236328125,1475.4097900390625,512.5682983398438,973.2240600585938
455.7377014160156,1290.7103271484375,518.5792236328125,971.0382690429688,714.2076416015625,1290.7103271484375,512.5682983398438,971.0382690429688
455.7377014160156,1290.7103271484375,518.5792236328125,971.0382690429688,714.2076416015625,1290.7103271484375,512.5682983398438,971.0382690429688
455.7377014160156,1290.7103271484375,518.5792236328125,971.0382690429688,714.2076416015625,1290.7103271484375,512.5682983398438,971.0382690429688
492.89617919921875,1268.8524169921875,503.2786865234375,974.3169555664062,567.7595825195312,1272.131103515625,510.38250732421875,971.0382690429688
492.89617919921875,1268.8524169921875,503.2786865234375,974.3169555664062,567.7595825195312,1272.131103515625,510.38250732421875,971.0382690429688
632.2404174804688,1270.4918212890625,520.7650146484375,974.8634033203125,632.2404174804688,1272.131103515625,512.5682983398438,973.2240600585938
632.2404174804688,1270.4918212890625,520.7650146484375,974.8634033203125,632.2404174804688,1272.131103515625,512.5682983398438,973.2240600585938
632.2404174804688,1270.4918212890625,520.7650146484375,974.8634033203125,632.2404174804688,1272.131103515625,512.5682983398438,973.2240600585938
968.8524780273438,1271.584716796875,507.10382080078125,978.14208984375,632.2404174804688,1271.584716796875,512.5682983398438,974.3169555664062
968.8524780273438,1271.584716796875,507.10382080078125,978.14208984375,632.2404174804688,1271.584716796875,512.5682983398438,974.3169555664062
676.5027465820312,1272.6776123046875,508.7431640625,987.9781494140625,632.2404174804688,1271.584716796875,508.7431640625,974.8634033203125
676.5027465820312,1272.6776123046875,508.7431640625,987.9781494140625,632.2404174804688,1271.584716796875,508.7431640625,974.8634033203125
676.5027465820312,1272.6776123046875,508.7431640625,987.9781494140625,632.2404174804688,1271.584716796875,508.7431640625,974.8634033203125
473.2240295410156,606.0109252929688,506.557373046875,977.0491943359375,632.2404174804688,1270.4918212890625,507.10382080078125,977.0491943359375
473.2240295410156,606.0109252929688,506.557373046875,977.0491943359375,632.2404174804688,1270.4918212890625,507.10382080078125,977.0491943359375
926.2294921875,1079.7813720703125,520.7650146484375,506.01092529296875,676.5027465820312,1270.4918212890625,508.7431640625,977.0491943359375
926.2294921875,1079.7813720703125,520.7650146484375,506.01092529296875,676.5027465820312,1270.4918212890625,508.7431640625,977.0491943359375
926.2294921875,1079.7813720703125,520.7650146484375,506.01092529296875,676.5027465820312,1270.4918212890625,508.7431640625,977.0491943359375
932.2404174804688,1203.2786865234375,508.7431640625,973.7705078125,926.2294921875,1203.2786865234375,508.7431640625,977.0491943359375
932.2404174804688,1203.2786865234375,508.7431640625,973.7705078125,926.2294921875,1203.2786865234375,508.7431640625,977.0491943359375
937.158447265625,1315.300537109375,503.82513427734375,979.2349853515625,926.2294921875,1203.2786865234375,508.7431640625,977.0491943359375
937.158447265625,1315.300537109375,503.82513427734375,979.2349853515625,926.2294921875,1203.2786865234375,508.7431640625,977.0491943359375
976.5027465820312,1265.57373046875,513.6611938476562,969.9453735351562,932.2404174804688,1203.2786865234375,508.7431640625,973.7705078125
976.5027465820312,1265.57373046875,513.6611938476562,969.9453735351562,932.2404174804688,1203.2786865234375,508.7431640625,973.7705078125
976.5027465820312,1265.57373046875,513.6611938476562,969.9453735351562,932.2404174804688,1203.2786865234375,508.7431640625,973.7705078125
926.2294921875,1268.3060302734375,657.3770751953125,1010.3825073242188,932.2404174804688,1265.57373046875,513.6611938476562,973.7705078125
926.2294921875,1268.3060302734375,657.3770751953125,1010.3825073242188,932.2404174804688,1265.57373046875,513.6611938476562,973.7705078125
951.3661499023438,2680.327880859375,833.8797607421875,990.1639404296875,937.158447265625,1268.3060302734375,513.6611938476562,979.2349853515625
951.3661499023438,2680.327880859375,833.8797607421875,990.1639404296875,937.158447265625,1268.3060302734375,513.6611938476562,979.2349853515625
951.3661499023438,2680.327880859375,833.8797607421875,990.1639404296875,937.158447265625,1268.3060302734375,513.6611938476562,979.2349853515625
1246.9945068359375,2711.475341796875,839.34423828125,1014.2076416015625,951.3661499023438,1315.300537109375,657.3770751953125,990.1639404296875
1246.9945068359375,2711.475341796875,839.34423828125,1014.2076416015625,951.3661499023438,1315.300537109375,657.3770751953125,990.1639404296875
1240.983642578125,1484.1529541015625,523.4972534179688,976.5027465820312,976.5027465820312,1484.1529541015625,657.3770751953125,990.1639404296875
1240.983642578125,1484.1529541015625,523.4972534179688,976.5027465820312,976.5027465820312,1484.1529541015625,657.3770751953125,990.1639404296875
1240.983642578125,1484.1529541015625,523.4972534179688,976.5027465820312,976.5027465820312,1484.1529541015625,657.3770751953125,990.1639404296875
1125.68310546875,1271.584716796875,503.82513427734375,543.1693725585938,1125.68310546875,1484.1529541015625,657.3770751953125,990.1639404296875
1125.68310546875,1271.584716796875,503.82513427734375,543.1693725585938,1125.68310546875,1484.1529541015625,657.3770751953125,990.1639404296875
922.4043579101562,1273.2239990234375,515.300537109375,801.6393432617188,1125.68310546875,1484.1529541015625,523.4972534179688,976.5027465820312
922.4043579101562,1273.2239990234375,515.300537109375,801.6393432617188,1125.68310546875,1484.1529541015625,523.4972534179688,976.5027465820312
922.4043579101562,1273.2239990234375,515.300537109375,801.6393432617188,1125.68310546875,1484.1529541015625,523.4972534179688,976.5027465820312
928.415283203125,1274.8634033203125,497.814208984375,973.7705078125,1125.68310546875,1274.8634033203125,515.300537109375,973.7705078125
928.415283203125,1274.8634033203125,497.814208984375,973.7705078125,1125.68310546875,1274.8634033203125,515.300537109375,973.7705078125
928.415283203125,1144.2623291015625,509.8360595703125,973.2240600585938,928.415283203125,1273.2239990234375,509.8360595703125,973.2240600585938
928.415283203125,1144.2623291015625,509.8360595703125,973.2240600585938,928.415283203125,1273.2239990234375,509.8360595703125,973.2240600585938
928.415283203125,1144.2623291015625,509.8360595703125,973.2240600585938,928.415283203125,1273.2239990234375,509.8360595703125,973.2240600585938
927.8688354492188,1272.6776123046875,507.6502685546875,974.8634033203125,928.415283203125,1272.6776123046875,507.6502685546875,973.2240600585938
927.8688354492188,1272.6776123046875,507.6502685546875,974.8634033203125,928.415283203125,1272.6776123046875,507.6502685546875,973.2240600585938
938.2513427734375,1196.7213134765625,513.11474609375,974.8634033203125,928.415283203125,1272.6776123046875,509.8360595703125,973.7705078125
938.2513427734375,1196.7213134765625,513.11474609375,974.8634033203125,928.415283203125,1272.6776123046875,509.8360595703125,973.7705078125
938.2513427734375,1263.9344482421875,509.28961181640625,984.1530151367188,928.415283203125,1263.9344482421875,509.28961181640625,974.8634033203125
938.2513427734375,1263.9344482421875,509.28961181640625,984.1530151367188,928.415283203125,1263.9344482421875,509.28961181640625,974.8634033203125
938.2513427734375,1263.9344482421875,509.28961181640625,984.1530151367188,928.415283203125,1263.9344482421875,509.28961181640625,974.8634033203125
928.415283203125,1272.6776123046875,525.6830444335938,985.2459106445312,928.415283203125,1263.9344482421875,509.8360595703125,974.8634033203125
928.415283203125,1272.6776123046875,525.6830444335938,985.2459106445312,928.415283203125,1263.9344482421875,509.8360595703125,974.8634033203125
948.08740234375,1275.4097900390625,509.8360595703125,470.4917907714844,938.2513427734375,1272.6776123046875,509.8360595703125,974.8634033203125
948.08740234375,1275.4097900390625,509.8360595703125,470.4917907714844,938.2513427734375,1272.6776123046875,509.8360595703125,974.8634033203125
948.08740234375,1275.4097900390625,509.8360595703125,470.4917907714844,938.2513427734375,1272.6776123046875,509.8360595703125,974.8634033203125
930.0546264648438,1272.131103515625,509.8360595703125,473.2240295410156,938.2513427734375,1272.131103515625,509.8360595703125,974.8634033203125
930.0546264648438,1272.131103515625,509.8360595703125,473.2240295410156,938.2513427734375,1272.131103515625,509.8360595703125,974.8634033203125
926.7759399414062,1151.3660888671875,512.0218505859375,977.0491943359375,930.0546264648438,1272.131103515625,509.8360595703125,977.0491943359375
926.7759399414062,1151.3660888671875,512.0218505859375,977.0491943359375,930.0546264648438,1272.131103515625,509.8360595703125,977.0491943359375
926.7759399414062,1151.3660888671875,512.0218505859375,977.0491943359375,930.0546264648438,1272.131103515625,509.8360595703125,977.0491943359375
930.0546264648438,1265.57373046875,503.82513427734375,1009.2896118164062,930.0546264648438,1272.131103515625,509.8360595703125,977.0491943359375
930.0546264648438,1265.57373046875,503.82513427734375,1009.2896118164062,930.0546264648438,1272.131103515625,509.8360595703125,977.0491943359375
931.1475219726562,1301.0928955078125,968.3060302734375,1038.7978515625,930.0546264648438,1272.131103515625,509.8360595703125,977.0491943359375
931.1475219726562,1301.0928955078125,968.3060302734375,1038.7978515625,930.0546264648438,1272.131103515625,509.8360595703125,977.0491943359375
931.1475219726562,1301.0928955078125,968.3060302734375,1038.7978515625,930.0546264648438,1272.131103515625,509.8360595703125,977.0491943359375
1107.6502685546875,2716.3935546875,933.8797607421875,1004.37158203125,930.0546264648438,1272.131103515625,512.0218505859375,1004.37158203125
1107.6502685546875,2716.3935546875,933.8797607421875,1004.37158203125,930.0546264648438,1272.131103515625,512.0218505859375,1004.37158203125
1357.3770751953125,1937.158447265625,525.6830444335938,974.8634033203125,931.1475219726562,1301.0928955078125,525.6830444335938,1004.37158203125
1357.3770751953125,1937.158447265625,525.6830444335938,974.8634033203125,931.1475219726562,1301.0928955078125,525.6830444335938,1004.37158203125
1357.3770751953125,1937.158447265625,525.6830444335938,974.8634033203125,931.1475219726562,1301.0928955078125,525.6830444335938,1004.37158203125
981.4207763671875,519.1256713867188,511.47540283203125,980.8743286132812,981.4207763671875,1301.0928955078125,525.6830444335938,1004.37158203125
981.4207763671875,519.1256713867188,511.47540283203125,980.8743286132812,981.4207763671875,1301.0928955078125,525.6830444335938,1004.37158203125
924.043701171875,1109.2896728515625,510.928955078125,984.1530151367188,981.4207763671875,1301.0928955078125,525.6830444335938,984.1530151367188
924.043701171875,1109.2896728515625,510.928955078125,984.1530151367188,981.4207763671875,1301.0928955078125,525.6830444335938,984.1530151367188
924.043701171875,1109.2896728515625,510.928955078125,984.1530151367188,981.4207763671875,1301.0928955078125,525.6830444335938,984.1530151367188
1332.786865234375,2456.2841796875,934.97265625,989.071044921875,1107.6502685546875,1937.158447265625,525.6830444335938,984.1530151367188
1332.786865234375,2456.2841796875,934.97265625,989.071044921875,1107.6502685546875,1937.158447265625,525.6830444335938,984.1530151367188
928.415283203125,1316.93994140625,510.928955078125,640.4371337890625,981.4207763671875,1316.93994140625,511.47540283203125,980.8743286132812
928.415283203125,1316.93994140625,510.928955078125,640.4371337890625,981.4207763671875,1316.93994140625,511.47540283203125,980.8743286132812
972.1311645507812,1267.759521484375,521.3114624023438,976.5027465820312,972.1311645507812,1267.759521484375,511.47540283203125,980.8743286132812
972.1311645507812,1267.759521484375,521.3114624023438,976.5027465820312,972.1311645507812,1267.759521484375,511.47540283203125,980.8743286132812
972.1311645507812,1267.759521484375,521.3114624023438,976.5027465820312,972.1311645507812,1267.759521484375,511.47540283203125,980.8743286132812
968.8524780273438,1271.0382080078125,520.2185668945312,973.2240600585938,968.8524780273438,1271.0382080078125,520.2185668945312,976.5027465820312
968.8524780273438,1271.0382080078125,520.2185668945312,973.2240600585938,968.8524780273438,1271.0382080078125,520.2185668945312,976.5027465820312
937.7048950195312,1268.8524169921875,498.9071044921875,993.9890747070312,968.8524780273438,1271.0382080078125,520.2185668945312,976.5027465820312
937.7048950195312,1268.8524169921875,498.9071044921875,993.9890747070312,968.8524780273438,1271.0382080078125,520.2185668945312,976.5027465820312
937.7048950195312,1268.8524169921875,498.9071044921875,993.9890747070312,968.8524780273438,1271.0382080078125,520.2185668945312,976.5027465820312
969.39892578125,1265.02734375,513.6611938476562,975.956298828125,968.8524780273438,1268.8524169921875,513.6611938476562,975.956298828125
969.39892578125,1265.02734375,513.6611938476562,975.956298828125,968.8524780273438,1268.8524169921875,513.6611938476562,975.956298828125
925.1365966796875,1276.502685546875,512.0218505859375,981.9672241210938,968.8524780273438,1268.8524169921875,513.6611938476562,976.5027465820312
925.1365966796875,1276.502685546875,512.0218505859375,981.9672241210938,968.8524780273438,1268.8524169921875,513.6611938476562,976.5027465820312
925.1365966796875,1276.502685546875,512.0218505859375,981.9672241210938,968.8524780273438,1268.8524169921875,513.6611938476562,976.5027465820312
726.7759399414062,1267.759521484375,500.0,984.1530151367188,937.7048950195312,1268.8524169921875,512.0218505859375,981.9672241210938
726.7759399414062,1267.759521484375,500.0,984.1530151367188,937.7048950195312,1268.8524169921875,512.0218505859375,981.9672241210938
625.1365966796875,1272.6776123046875,518.0327758789062,979.2349853515625,925.1365966796875,1268.8524169921875,512.0218505859375,981.9672241210938
625.1365966796875,1272.6776123046875,518.0327758789062,979.2349853515625,925.1365966796875,1268.8524169921875,512.0218505859375,981.9672241210938
625.1365966796875,1272.6776123046875,518.0327758789062,979.2349853515625,925.1365966796875,1268.8524169921875,512.0218505859375,981.9672241210938
583.6065673828125,1272.6776123046875,501.63934326171875,975.4098510742188,726.7759399414062,1272.6776123046875,512.0218505859375,979.2349853515625
583.6065673828125,1272.6776123046875,501.63934326171875,975.4098510742188,726.7759399414062,1272.6776123046875,512.0218505859375,979.2349853515625
944.8087158203125,1271.0382080078125,722.4043579101562,739.34423828125,726.7759399414062,1272.6776123046875,512.0218505859375,979.2349853515625
944.8087158203125,1271.0382080078125,722.4043579101562,739.34423828125,726.7759399414062,1272.6776123046875,512.0218505859375,979.2349853515625
944.8087158203125,1271.0382080078125,722.4043579101562,739.34423828125,726.7759399414062,1272.6776123046875,512.0218505859375,979.2349853515625
590.1639404296875,2607.650390625,868.3060302734375,979.2349853515625,625.1365966796875,1272.6776123046875,518.0327758789062,979.2349853515625
590.1639404296875,2607.650390625,868.3060302734375,979.2349853515625,625.1365966796875,1272.6776123046875,518.0327758789062,979.2349853515625
1066.6666259765625,2569.39892578125,873.2240600585938,999.4535522460938,625.1365966796875,1272.6776123046875,722.4043579101562,979.2349853515625
1066.6666259765625,2569.39892578125,873.2240600585938,999.4535522460938,625.1365966796875,1272.6776123046875,722.4043579101562,979.2349853515625
886.88525390625,1353.5518798828125,527.3223876953125,972.1311645507812,886.88525390625,1353.5518798828125,722.4043579101562,975.4098510742188
886.88525390625,1353.5518798828125,527.3223876953125,972.1311645507812,886.88525390625,1353.5518798828125,722.4043579101562,975.4098510742188
886.88525390625,1353.5518798828125,527.3223876953125,972.1311645507812,886.88525390625,1353.5518798828125,722.4043579101562,975.4098510742188
551.91259765625,1269.39892578125,514.7540893554688,969.39892578125,886.88525390625,1353.5518798828125,722.4043579101562,972.1311645507812
551.91259765625,1269.39892578125,514.7540893554688,969.39892578125,886.88525390625,1353.5518798828125,722.4043579101562,972.1311645507812
549.7267456054688,1248.08740234375,510.928955078125,979.2349853515625,590.1639404296875,1353.5518798828125,527.3223876953125,979.2349853515625
549.7267456054688,1248.08740234375,510.928955078125,979.2349853515625,590.1639404296875,1353.5518798828125,527.3223876953125,979.2349853515625
549.7267456054688,1248.08740234375,510.928955078125,979.2349853515625,590.1639404296875,1353.5518798828125,527.3223876953125,979.2349853515625
580.8743286132812,1265.02734375,517.486328125,995.62841796875,580.8743286132812,1269.39892578125,517.486328125,979.2349853515625
580.8743286132812,1265.02734375,517.486328125,995.62841796875,580.8743286132812,1269.39892578125,517.486328125,979.2349853515625
695.0819702148438,1264.4808349609375,509.28961181640625,974.8634033203125,580.8743286132812,1265.02734375,514.7540893554688,974.8634033203125
695.0819702148438,1264.4808349609375,509.28961181640625,974.8634033203125,580.8743286132812,1265.02734375,514.7540893554688,974.8634033203125
695.0819702148438,1264.4808349609375,509.28961181640625,974.8634033203125,580.8743286132812,1265.02734375,514.7540893554688,974.8634033203125
591.8032836914062,1263.9344482421875,506.557373046875,554.6448364257812,580.8743286132812,1264.4808349609375,510.928955078125,974.8634033203125
591.8032836914062,1263.9344482421875,506.557373046875,554.6448364257812,580.8743286132812,1264.4808349609375,510.928955078125,974.8634033203125
589.071044921875,1279.2349853515625,512.0218505859375,976.5027465820312,589.071044921875,1264.4808349609375,510.928955078125,976.5027465820312
589.071044921875,1279.2349853515625,512.0218505859375,976.5027465820312,589.071044921875,1264.4808349609375,510.928955078125,976.5027465820312
589.071044921875,1279.2349853515625,512.0218505859375,976.5027465820312,589.071044921875,1264.4808349609375,510.928955078125,976.5027465820312
550.2732543945312,1273.2239990234375,503.82513427734375,977.0491943359375,589.071044921875,1265.02734375,509.28961181640625,976.5027465820312
550.2732543945312,1273.2239990234375,503.82513427734375,977.0491943359375,589.071044921875,1265.02734375,509.28961181640625,976.5027465820312
546.4480590820312,1273.2239990234375,506.01092529296875,974.8634033203125,589.071044921875,1273.2239990234375,506.557373046875,974.8634033203125
546.4480590820312,1273.2239990234375,506.01092529296875,974.8634033203125,589.071044921875,1273.2239990234375,506.557373046875,974.8634033203125
546.4480590820312,1273.2239990234375,506.01092529296875,974.8634033203125,589.071044921875,1273.2239990234375,506.557373046875,974.8634033203125
503.82513427734375,495.62841796875,529.5081787109375,974.3169555664062,550.2732543945312,1273.2239990234375,506.557373046875,974.8634033203125
503.82513427734375,495.62841796875,529.5081787109375,974.3169555664062,550.2732543945312,1273.2239990234375,506.557373046875,974.8634033203125
548.6338500976562,980.327880859375,515.8469848632812,979.2349853515625,548.6338500976562,1273.2239990234375,512.0218505859375,976.5027465820312
548.6338500976562,980.327880859375,515.8469848632812,979.2349853515625,548.6338500976562,1273.2239990234375,512.0218505859375,976.5027465820312
499.45355224609375,1146.9945068359375,514.2076416015625,977.5956420898438,546.4480590820312,1146.9945068359375,514.2076416015625,977.0491943359375
499.45355224609375,1146.9945068359375,514.2076416015625,977.5956420898438,546.4480590820312,1146.9945068359375,514.2076416015625,977.0491943359375
499.45355224609375,1146.9945068359375,514.2076416015625,977.5956420898438,546.4480590820312,1146.9945068359375,514.2076416015625,977.0491943359375
586.3388061523438,1139.8907470703125,502.185791015625,978.14208984375,546.4480590820312,1139.8907470703125,514.2076416015625,977.5956420898438
586.3388061523438,1139.8907470703125,502.185791015625,978.14208984375,546.4480590820312,1139.8907470703125,514.2076416015625,977.5956420898438
549.1802978515625,1055.1912841796875,704.9180297851562,603.2786865234375,548.6338500976562,1055.1912841796875,515.8469848632812,977.5956420898438
549.1802978515625,1055.1912841796875,704.9180297851562,603.2786865234375,548.6338500976562,1055.1912841796875,515.8469848632812,977.5956420898438
549.1802978515625,1055.1912841796875,704.9180297851562,603.2786865234375,548.6338500976562,1055.1912841796875,515.8469848632812,977.5956420898438
548.6338500976562,2513.11474609375,893.9890747070312,840.9835815429688,548.6338500976562,1139.8907470703125,515.8469848632812,977.5956420898438
548.6338500976562,2513.11474609375,893.9890747070312,840.9835815429688,548.6338500976562,1139.8907470703125,515.8469848632812,977.5956420898438
1090.7103271484375,2491.80322265625,778.6885375976562,977.0491943359375,549.1802978515625,1146.9945068359375,704.9180297851562,977.0491943359375
1090.7103271484375,2491.80322265625,778.6885375976562,977.0491943359375,549.1802978515625,1146.9945068359375,704.9180297851562,977.0491943359375
1090.7103271484375,2491.80322265625,778.6885375976562,977.0491943359375,549.1802978515625,1146.9945068359375,704.9180297851562,977.0491943359375
1021.3114624023438,2236.065673828125,527.8688354492188,973.7705078125,586.3388061523438,2236.065673828125,704.9180297851562,973.7705078125
1021.3114624023438,2236.065673828125,527.8688354492188,973.7705078125,586.3388061523438,2236.065673828125,704.9180297851562,973.7705078125
510.38250732421875,1267.213134765625,516.9398803710938,973.7705078125,549.1802978515625,2236.065673828125,704.9180297851562,973.7705078125
510.38250732421875,1267.213134765625,516.9398803710938,973.7705078125,549.1802978515625,2236.065673828125,704.9180297851562,973.7705078125
510.38250732421875,1267.213134765625,516.9398803710938,973.7705078125,549.1802978515625,2236.065673828125,704.9180297851562,973.7705078125
507.10382080078125,1262.841552734375,518.0327758789062,979.7814331054688,548.6338500976562,2236.065673828125,527.8688354492188,973.7705078125
507.10382080078125,1262.841552734375,518.0327758789062,979.7814331054688,548.6338500976562,2236.065673828125,527.8688354492188,973.7705078125
502.73223876953125,1273.2239990234375,507.10382080078125,973.2240600585938,510.38250732421875,1273.2239990234375,518.0327758789062,973.7705078125
502.73223876953125,1273.2239990234375,507.10382080078125,973.2240600585938,510.38250732421875,1273.2239990234375,518.0327758789062,973.7705078125
502.73223876953125,1273.2239990234375,507.10382080078125,973.2240600585938,510.38250732421875,1273.2239990234375,518.0327758789062,973.7705078125
473.7704772949219,1269.9453125,509.28961181640625,987.9781494140625,507.10382080078125,1269.9453125,516.9398803710938,973.7705078125
473.7704772949219,1269.9453125,509.28961181640625,987.9781494140625,507.10382080078125,1269.9453125,516.9398803710938,973.7705078125
456.8305969238281,1269.9453125,503.82513427734375,985.2459106445312,502.73223876953125,1269.9453125,509.28961181640625,979.7814331054688
456.8305969238281,1269.9453125,503.82513427734375,985.2459106445312,502.73223876953125,1269.9453125,509.28961181640625,979.7814331054688
457.9234924316406,1273.2239990234375,505.4644775390625,979.2349853515625,473.7704772949219,1269.9453125,507.10382080078125,979.7814331054688
457.9234924316406,1273.2239990234375,505.4644775390625,979.2349853515625,473.7704772949219,1269.9453125,507.10382080078125,979.7814331054688
457.9234924316406,1273.2239990234375,505.4644775390625,979.2349853515625,473.7704772949219,1269.9453125,507.10382080078125,979.7814331054688
462.8415222167969,1266.1202392578125,508.19671630859375,989.071044921875,462.8415222167969,1269.9453125,507.10382080078125,985.2459106445312
462.8415222167969,1266.1202392578125,508.19671630859375,989.071044921875,462.8415222167969,1269.9453125,507.10382080078125,985.2459106445312
469.9453430175781,1272.6776123046875,507.10382080078125,1005.4644775390625,462.8415222167969,1269.9453125,507.10382080078125,987.9781494140625
469.9453430175781,1272.6776123046875,507.10382080078125,1005.4644775390625,462.8415222167969,1269.9453125,507.10382080078125,987.9781494140625
469.9453430175781,1272.6776123046875,507.10382080078125,1005.4644775390625,462.8415222167969,1269.9453125,507.10382080078125,987.9781494140625
456.8305969238281,1266.6666259765625,505.4644775390625,978.14208984375,457.9234924316406,1269.9453125,505.4644775390625,985.2459106445312
456.8305969238281,1266.6666259765625,505.4644775390625,978.14208984375,457.9234924316406,1269.9453125,505.4644775390625,985.2459106445312
454.6448059082031,1271.0382080078125,512.0218505859375,974.3169555664062,457.9234924316406,1271.0382080078125,507.10382080078125,979.2349853515625
454.6448059082031,1271.0382080078125,512.0218505859375,974.3169555664062,457.9234924316406,1271.0382080078125,507.10382080078125,979.2349853515625
454.6448059082031,1271.0382080078125,512.0218505859375,974.3169555664062,457.9234924316406,1271.0382080078125,507.10382080078125,979.2349853515625
462.2950744628906,1256.83056640625,528.9617309570312,979.7814331054688,462.2950744628906,1266.6666259765625,508.19671630859375,979.7814331054688
462.2950744628906,1256.83056640625,528.9617309570312,979.7814331054688,462.2950744628906,1266.6666259765625,508.19671630859375,979.7814331054688
483.06011962890625,1289.617431640625,508.7431640625,1002.185791015625,462.2950744628906,1271.0382080078125,508.7431640625,979.7814331054688
483.06011962890625,1289.617431640625,508.7431640625,1002.185791015625,462.2950744628906,1271.0382080078125,508.7431640625,979.7814331054688
483.06011962890625,1289.617431640625,508.7431640625,1002.185791015625,462.2950744628906,1271.0382080078125,508.7431640625,979.7814331054688
510.928955078125,1282.513671875,877.5956420898438,1008.1967163085938,462.2950744628906,1271.0382080078125,512.0218505859375,979.7814331054688
510.928955078125,1282.513671875,877.5956420898438,1008.1967163085938,462.2950744628906,1271.0382080078125,512.0218505859375,979.7814331054688
793.9890747070312,2561.2021484375,790.7103881835938,850.8197021484375,483.06011962890625,1282.513671875,528.9617309570312,979.7814331054688
793.9890747070312,2561.2021484375,790.7103881835938,850.8197021484375,483.06011962890625,1282.513671875,528.9617309570312,979.7814331054688
793.9890747070312,2561.2021484375,790.7103881835938,850.8197021484375,483.06011962890625,1282.513671875,528.9617309570312,979.7814331054688
1100.5465087890625,2603.27880859375,837.7048950195312,738.2513427734375,510.928955078125,1289.617431640625,790.7103881835938,979.7814331054688
1100.5465087890625,2603.27880859375,837.7048950195312,738.2513427734375,510.928955078125,1289.617431640625,790.7103881835938,979.7814331054688
495.08197021484375,1265.57373046875,513.11474609375,980.8743286132812,510.928955078125,1289.617431640625,790.7103881835938,980.8743286132812
495.08197021484375,1265.57373046875,513.11474609375,980.8743286132812,510.928955078125,1289.617431640625,790.7103881835938,980.8743286132812
508.7431640625,1178.6884765625,516.3934326171875,974.3169555664062,510.928955078125,1282.513671875,790.7103881835938,974.3169555664062
508.7431640625,1178.6884765625,516.3934326171875,974.3169555664062,510.928955078125,1282.513671875,790.7103881835938,974.3169555664062
508.7431640625,1178.6884765625,516.3934326171875,974.3169555664062,510.928955078125,1282.513671875,790.7103881835938,974.3169555664062
465.5737609863281,795.0819702148438,495.62841796875,980.8743286132812,508.7431640625,1265.57373046875,516.3934326171875,974.3169555664062
465.5737609863281,795.0819702148438,495.62841796875,980.8743286132812,508.7431640625,1265.57373046875,516.3934326171875,974.3169555664062
457.3770446777344,1263.9344482421875,507.6502685546875,980.327880859375,495.08197021484375,1263.9344482421875,513.11474609375,980.327880859375
457.3770446777344,1263.9344482421875,507.6502685546875,980.327880859375,495.08197021484375,1263.9344482421875,513.11474609375,980.327880859375
457.3770446777344,1263.9344482421875,507.6502685546875,980.327880859375,495.08197021484375,1263.9344482421875,513.11474609375,980.327880859375
461.2021789550781,1142.6229248046875,507.10382080078125,984.699462890625,465.5737609863281,1178.6884765625,507.6502685546875,980.8743286132812
461.2021789550781,1142.6229248046875,507.10382080078125,984.699462890625,465.5737609863281,1178.6884765625,507.6502685546875,980.8743286132812
595.0819702148438,1277.0491943359375,519.1256713867188,980.8743286132812,465.5737609863281,1178.6884765625,507.6502685546875,980.8743286132812
595.0819702148438,1277.0491943359375,519.1256713867188,980.8743286132812,465.5737609863281,1178.6884765625,507.6502685546875,980.8743286132812
595.0819702148438,1277.0491943359375,519.1256713867188,980.8743286132812,465.5737609863281,1178.6884765625,507.6502685546875,980.8743286132812
457.3770446777344,1266.1202392578125,502.73223876953125,461.7486267089844,461.2021789550781,1263.9344482421875,507.10382080078125,980.8743286132812
457.3770446777344,1266.1202392578125,502.73223876953125,461.7486267089844,461.2021789550781,1263.9344482421875,507.10382080078125,980.8743286132812
459.5628356933594,1275.956298828125,513.6611938476562,551.91259765625,459.5628356933594,1266.1202392578125,507.6502685546875,980.327880859375
459.5628356933594,1275.956298828125,513.6611938476562,551.91259765625,459.5628356933594,1266.1202392578125,507.6502685546875,980.327880859375
459.5628356933594,1275.956298828125,513.6611938476562,551.91259765625,459.5628356933594,1266.1202392578125,507.6502685546875,980.327880859375
466.6666564941406,1259.5628662109375,521.85791015625,972.6776123046875,461.2021789550781,1266.1202392578125,513.6611938476562,972.6776123046875
466.6666564941406,1259.5628662109375,521.85791015625,972.6776123046875,461.2021789550781,1266.1202392578125,513.6611938476562,972.6776123046875
461.7486267089844,1267.213134765625,499.45355224609375,977.0491943359375,461.7486267089844,1267.213134765625,513.6611938476562,972.6776123046875
461.7486267089844,1267.213134765625,499.45355224609375,977.0491943359375,461.7486267089844,1267.213134765625,513.6611938476562,972.6776123046875
461.7486267089844,1267.213134765625,499.45355224609375,977.0491943359375,461.7486267089844,1267.213134765625,513.6611938476562,972.6776123046875
458.4699401855469,1273.2239990234375,508.7431640625,972.6776123046875,459.5628356933594,1267.213134765625,508.7431640625,972.6776123046875
458.4699401855469,1273.2239990234375,508.7431640625,972.6776123046875,459.5628356933594,1267.213134765625,508.7431640625,972.6776123046875
460.1092834472656,1271.584716796875,507.10382080078125,974.8634033203125,460.1092834472656,1271.584716796875,508.7431640625,972.6776123046875
460.1092834472656,1271.584716796875,507.10382080078125,974.8634033203125,460.1092834472656,1271.584716796875,508.7431640625,972.6776123046875
459.5628356933594,1264.4808349609375,508.19671630859375,999.4535522460938,460.1092834472656,1267.213134765625,508.19671630859375,974.8634033203125
459.5628356933594,1264.4808349609375,508.19671630859375,999.4535522460938,460.1092834472656,1267.213134765625,508.19671630859375,974.8634033203125
459.5628356933594,1264.4808349609375,508.19671630859375,999.4535522460938,460.1092834472656,1267.213134765625,508.19671630859375,974.8634033203125
459.0163879394531,1266.6666259765625,887.4317016601562,1021.3114624023438,459.5628356933594,1267.213134765625,508.19671630859375,977.0491943359375
459.0163879394531,1266.6666259765625,887.4317016601562,1021.3114624023438,459.5628356933594,1267.213134765625,508.19671630859375,977.0491943359375
630.0546264648438,2507.103759765625,818.5792236328125,668.3060302734375,459.5628356933594,1271.584716796875,508.7431640625,974.8634033203125
630.0546264648438,2507.103759765625,818.5792236328125,668.3060302734375,459.5628356933594,1271.584716796875,508.7431640625,974.8634033203125
630.0546264648438,2507.103759765625,818.5792236328125,668.3060302734375,459.5628356933594,1271.584716796875,508.7431640625,974.8634033203125
1089.071044921875,1902.185791015625,520.7650146484375,545.3551635742188,460.1092834472656,1271.584716796875,520.7650146484375,974.8634033203125
1089.071044921875,1902.185791015625,520.7650146484375,545.3551635742188,460.1092834472656,1271.584716796875,520.7650146484375,974.8634033203125
638.7977905273438,1312.568359375,517.486328125,972.6776123046875,630.0546264648438,1312.568359375,520.7650146484375,972.6776123046875
638.7977905273438,1312.568359375,517.486328125,972.6776123046875,630.0546264648438,1312.568359375,520.7650146484375,972.6776123046875
638.7977905273438,1312.568359375,517.486328125,972.6776123046875,630.0546264648438,1312.568359375,520.7650146484375,972.6776123046875
1022.9508056640625,2566.666748046875,868.3060302734375,1002.185791015625,638.7977905273438,1902.185791015625,818.5792236328125,972.6776123046875
1022.9508056640625,2566.666748046875,868.3060302734375,1002.185791015625,638.7977905273438,1902.185791015625,818.5792236328125,972.6776123046875
461.2021789550781,1269.39892578125,503.2786865234375,977.5956420898438,638.7977905273438,1902.185791015625,520.7650146484375,972.6776123046875
461.2021789550781,1269.39892578125,503.2786865234375,977.5956420898438,638.7977905273438,1902.185791015625,520.7650146484375,972.6776123046875
461.2021789550781,1269.39892578125,503.2786865234375,977.5956420898438,638.7977905273438,1902.185791015625,520.7650146484375,972.6776123046875
458.4699401855469,1269.39892578125,519.1256713867188,978.6885375976562,638.7977905273438,1312.568359375,519.1256713867188,977.5956420898438
458.4699401855469,1269.39892578125,519.1256713867188,978.6885375976562,638.7977905273438,1312.568359375,519.1256713867188,977.5956420898438
459.5628356933594,1271.0382080078125,520.2185668945312,983.0601196289062,461.2021789550781,1271.0382080078125,519.1256713867188,978.6885375976562
459.5628356933594,1271.0382080078125,520.2185668945312,983.0601196289062,461.2021789550781,1271.0382080078125,519.1256713867188,978.6885375976562
459.5628356933594,1271.0382080078125,520.2185668945312,983.0601196289062,461.2021789550781,1271.0382080078125,519.1256713867188,978.6885375976562
463.3879699707031,1269.9453125,515.300537109375,980.327880859375,461.2021789550781,1269.9453125,519.1256713867188,980.327880859375
463.3879699707031,1269.9453125,515.300537109375,980.327880859375,461.2021789550781,1269.9453125,519.1256713867188,980.327880859375
503.82513427734375,1264.4808349609375,509.8360595703125,980.8743286132812,461.2021789550781,1269.39892578125,515.300537109375,980.327880859375
503.82513427734375,1264.4808349609375,509.8360595703125,980.8743286132812,461.2021789550781,1269.39892578125,515.300537109375,980.327880859375
497.814208984375,1270.4918212890625,508.7431640625,977.5956420898438,463.3879699707031,1269.9453125,515.300537109375,980.327880859375
497.814208984375,1270.4918212890625,508.7431640625,977.5956420898438,463.3879699707031,1269.9453125,515.300537109375,980.327880859375
497.814208984375,1270.4918212890625,508.7431640625,977.5956420898438,463.3879699707031,1269.9453125,515.300537109375,980.327880859375
521.3114624023438,1269.39892578125,510.38250732421875,675.4098510742188,497.814208984375,1269.9453125,510.38250732421875,980.327880859375
521.3114624023438,1269.39892578125,510.38250732421875,675.4098510742188,497.814208984375,1269.9453125,510.38250732421875,980.327880859375
928.415283203125,462.8415222167969,507.6502685546875,981.9672241210938,503.82513427734375,1269.39892578125,509.8360595703125,980.327880859375
928.415283203125,462.8415222167969,507.6502685546875,981.9672241210938,503.82513427734375,1269.39892578125,509.8360595703125,980.327880859375
928.415283203125,462.8415222167969,507.6502685546875,981.9672241210938,503.82513427734375,1269.39892578125,509.8360595703125,980.327880859375
932.2404174804688,1026.7760009765625,503.82513427734375,976.5027465820312,521.3114624023438,1264.4808349609375,508.7431640625,977.5956420898438
932.2404174804688,1026.7760009765625,503.82513427734375,976.5027465820312,521.3114624023438,1264.4808349609375,508.7431640625,977.5956420898438
967.213134765625,1273.2239990234375,512.0218505859375,971.584716796875,928.415283203125,1269.39892578125,508.7431640625,976.5027465820312
967.213134765625,1273.2239990234375,512.0218505859375,971.584716796875,928.415283203125,1269.39892578125,508.7431640625,976.5027465820312
967.213134765625,1273.2239990234375,512.0218505859375,971.584716796875,928.415283203125,1269.39892578125,508.7431640625,976.5027465820312
973.7705078125,1055.7376708984375,515.300537109375,1002.7322387695312,932.2404174804688,1055.7376708984375,510.38250732421875,976.5027465820312
973.7705078125,1055.7376708984375,515.300537109375,1002.7322387695312,932.2404174804688,1055.7376708984375,510.38250732421875,976.5027465820312
1014.2076416015625,1477.5955810546875,875.4098510742188,997.814208984375,967.213134765625,1055.7376708984375,512.0218505859375,981.9672241210938
1014.2076416015625,1477.5955810546875,875.4098510742188,997.814208984375,967.213134765625,1055.7376708984375,512.0218505859375,981.9672241210938
1014.2076416015625,1477.5955810546875,875.4098510742188,997.814208984375,967.213134765625,1055.7376708984375,512.0218505859375,981.9672241210938
1275.956298828125,2620.218505859375,884.1530151367188,1004.9180297851562,973.7705078125,1273.2239990234375,515.300537109375,997.814208984375
1275.956298828125,2620.218505859375,884.1530151367188,1004.9180297851562,973.7705078125,1273.2239990234375,515.300537109375,997.814208984375
936.0655517578125,1275.4097900390625,503.82513427734375,989.071044921875,973.7705078125,1275.4097900390625,515.300537109375,997.814208984375
936.0655517578125,1275.4097900390625,503.82513427734375,989.071044921875,973.7705078125,1275.4097900390625,515.300537109375,997.814208984375
936.0655517578125,1275.4097900390625,503.82513427734375,989.071044921875,973.7705078125,1275.4097900390625,515.300537109375,997.814208984375
846.4480590820312,1326.2294921875,504.91802978515625,979.2349853515625,973.7705078125,1326.2294921875,515.300537109375,997.814208984375
846.4480590820312,1326.2294921875,504.91802978515625,979.2349853515625,973.7705078125,1326.2294921875,515.300537109375,997.814208984375
929.5081787109375,1284.699462890625,511.47540283203125,1016.9398803710938,936.0655517578125,1326.2294921875,511.47540283203125,997.814208984375
929.5081787109375,1284.699462890625,511.47540283203125,1016.9398803710938,936.0655517578125,1326.2294921875,511.47540283203125,997.814208984375
929.5081787109375,1284.699462890625,511.47540283203125,1016.9398803710938,936.0655517578125,1326.2294921875,511.47540283203125,997.814208984375
927.8688354492188,1266.6666259765625,508.7431640625,803.8251342773438,929.5081787109375,1284.699462890625,508.7431640625,989.071044921875
927.8688354492188,1266.6666259765625,508.7431640625,803.8251342773438,929.5081787109375,1284.699462890625,508.7431640625,989.071044921875
923.4972534179688,1265.57373046875,531.1475219726562,977.5956420898438,927.8688354492188,1275.4097900390625,508.7431640625,979.2349853515625
923.4972534179688,1265.57373046875,531.1475219726562,977.5956420898438,927.8688354492188,1275.4097900390625,508.7431640625,979.2349853515625
969.39892578125,1269.39892578125,507.10382080078125,973.2240600585938,927.8688354492188,1269.39892578125,508.7431640625,977.5956420898438
969.39892578125,1269.39892578125,507.10382080078125,973.2240600585938,927.8688354492188,1269.39892578125,508.7431640625,977.5956420898438
969.39892578125,1269.39892578125,507.10382080078125,973.2240600585938,927.8688354492188,1269.39892578125,508.7431640625,977.5956420898438
964.4808959960938,1263.387939453125,520.7650146484375,990.7103881835938,929.5081787109375,1266.6666259765625,511.47540283203125,977.5956420898438
964.4808959960938,1263.387939453125,520.7650146484375,990.7103881835938,929.5081787109375,1266.6666259765625,511.47540283203125,977.5956420898438
930.60107421875,1271.0382080078125,506.557373046875,985.7923583984375,930.60107421875,1266.6666259765625,508.7431640625,977.5956420898438
930.60107421875,1271.0382080078125,506.557373046875,985.7923583984375,930.60107421875,1266.6666259765625,508.7431640625,977.5956420898438
930.60107421875,1271.0382080078125,506.557373046875,985.7923583984375,930.60107421875,1266.6666259765625,508.7431640625,977.5956420898438
924.5901489257812,1273.2239990234375,508.7431640625,986.3388061523438,930.60107421875,1269.39892578125,508.7431640625,985.7923583984375
924.5901489257812,1273.2239990234375,508.7431640625,986.3388061523438,930.60107421875,1269.39892578125,508.7431640625,985.7923583984375
920.2185668945312,1273.2239990234375,501.0928955078125,993.9890747070312,930.60107421875,1271.0382080078125,507.10382080078125,986.3388061523438
920.2185668945312,1273.2239990234375,501.0928955078125,993.9890747070312,930.60107421875,1271.0382080078125,507.10382080078125,986.3388061523438
920.2185668945312,1273.2239990234375,501.0928955078125,993.9890747070312,930.60107421875,1271.0382080078125,507.10382080078125,986.3388061523438
955.7377319335938,1276.502685546875,503.82513427734375,972.6776123046875,930.60107421875,1273.2239990234375,506.557373046875,986.3388061523438
955.7377319335938,1276.502685546875,503.82513427734375,972.6776123046875,930.60107421875,1273.2239990234375,506.557373046875,986.3388061523438
971.584716796875,1268.3060302734375,513.6611938476562,676.5027465820312,930.60107421875,1273.2239990234375,506.557373046875,985.7923583984375
971.584716796875,1268.3060302734375,513.6611938476562,676.5027465820312,930.60107421875,1273.2239990234375,506.557373046875,985.7923583984375
971.584716796875,1268.3060302734375,513.6611938476562,676.5027465820312,930.60107421875,1273.2239990234375,506.557373046875,985.7923583984375
934.97265625,1273.7705078125,513.6611938476562,990.1639404296875,934.97265625,1273.2239990234375,508.7431640625,986.3388061523438
934.97265625,1273.7705078125,513.6611938476562,990.1639404296875,934.97265625,1273.2239990234375,508.7431640625,986.3388061523438
925.1365966796875,1278.6884765625,872.1311645507812,1007.1038208007812,934.97265625,1273.7705078125,513.6611938476562,990.1639404296875
925.1365966796875,1278.6884765625,872.1311645507812,1007.1038208007812,934.97265625,1273.7705078125,513.6611938476562,990.1639404296875
925.1365966796875,1278.6884765625,872.1311645507812,1007.1038208007812,934.97265625,1273.7705078125,513.6611938476562,990.1639404296875
1009.2896118164062,2603.8251953125,816.3934326171875,981.4207763671875,955.7377319335938,1276.502685546875,513.6611938476562,981.4207763671875
1009.2896118164062,2603.8251953125,816.3934326171875,981.4207763671875,955.7377319335938,1276.502685546875,513.6611938476562,981.4207763671875
1296.1748046875,2585.245849609375,661.2022094726562,971.584716796875,971.584716796875,1278.6884765625,661.2022094726562,981.4207763671875
1296.1748046875,2585.245849609375,661.2022094726562,971.584716796875,971.584716796875,1278.6884765625,661.2022094726562,981.4207763671875
990.7103881835938,1154.644775390625,511.47540283203125,976.5027465820312,990.7103881835938,1278.6884765625,661.2022094726562,981.4207763671875
990.7103881835938,1154.644775390625,511.47540283203125,976.5027465820312,990.7103881835938,1278.6884765625,661.2022094726562,981.4207763671875
990.7103881835938,1154.644775390625,511.47540283203125,976.5027465820312,990.7103881835938,1278.6884765625,661.2022094726562,981.4207763671875
964.4808959960938,850.8197021484375,505.4644775390625,993.442626953125,990.7103881835938,1278.6884765625,661.2022094726562,981.4207763671875
964.4808959960938,850.8197021484375,505.4644775390625,993.442626953125,990.7103881835938,1278.6884765625,661.2022094726562,981.4207763671875
1151.3660888671875,698.3606567382812,503.82513427734375,977.5956420898438,1009.2896118164062,1154.644775390625,511.47540283203125,977.5956420898438
1151.3660888671875,698.3606567382812,503.82513427734375,977.5956420898438,1009.2896118164062,1154.644775390625,511.47540283203125,977.5956420898438
1151.3660888671875,698.3606567382812,503.82513427734375,977.5956420898438,1009.2896118164062,1154.644775390625,511.47540283203125,977.5956420898438
973.7705078125,1003.8251342773438,536.0655517578125,638.7977905273438,990.7103881835938,1003.8251342773438,511.47540283203125,976.5027465820312
973.7705078125,1003.8251342773438,536.0655517578125,638.7977905273438,990.7103881835938,1003.8251342773438,511.47540283203125,976.5027465820312
926.2294921875,1222.9508056640625,505.4644775390625,459.5628356933594,973.7705078125,1003.8251342773438,505.4644775390625,976.5027465820312
926.2294921875,1222.9508056640625,505.4644775390625,459.5628356933594,973.7705078125,1003.8251342773438,505.4644775390625,976.5027465820312
926.2294921875,1222.9508056640625,505.4644775390625,459.5628356933594,973.7705078125,1003.8251342773438,505.4644775390625,976.5027465820312
922.9508056640625,1053.0054931640625,510.38250732421875,974.8634033203125,964.4808959960938,1003.8251342773438,505.4644775390625,974.8634033203125
922.9508056640625,1053.0054931640625,510.38250732421875,974.8634033203125,964.4808959960938,1003.8251342773438,505.4644775390625,974.8634033203125
972.6776123046875,1268.3060302734375,513.6611938476562,977.0491943359375,972.6776123046875,1053.0054931640625,510.38250732421875,974.8634033203125
972.6776123046875,1268.3060302734375,513.6611938476562,977.0491943359375,972.6776123046875,1053.0054931640625,510.38250732421875,974.8634033203125
972.6776123046875,1268.3060302734375,513.6611938476562,977.0491943359375,972.6776123046875,1053.0054931640625,510.38250732421875,974.8634033203125
975.956298828125,1246.9945068359375,507.10382080078125,976.5027465820312,972.6776123046875,1222.9508056640625,510.38250732421875,974.8634033203125
975.956298828125,1246.9945068359375,507.10382080078125,976.5027465820312,972.6776123046875,1222.9508056640625,510.38250732421875,974.8634033203125
971.0382690429688,1146.4481201171875,532.2404174804688,977.0491943359375,971.0382690429688,1222.9508056640625,510.38250732421875,976.5027465820312
971.0382690429688,1146.4481201171875,532.2404174804688,977.0491943359375,971.0382690429688,1222.9508056640625,510.38250732421875,976.5027465820312
971.0382690429688,1146.4481201171875,532.2404174804688,977.0491943359375,971.0382690429688,1222.9508056640625,510.38250732421875,976.5027465820312
960.1093139648438,1271.0382080078125,519.1256713867188,977.5956420898438,971.0382690429688,1246.9945068359375,513.6611938476562,977.0491943359375
960.1093139648438,1271.0382080078125,519.1256713867188,977.5956420898438,971.0382690429688,1246.9945068359375,513.6611938476562,977.0491943359375
461.2021789550781,1147.541015625,503.82513427734375,980.327880859375,971.0382690429688,1246.9945068359375,513.6611938476562,977.0491943359375
461.2021789550781,1147.541015625,503.82513427734375,980.327880859375,971.0382690429688,1246.9945068359375,513.6611938476562,977.0491943359375
459.0163879394531,1155.1912841796875,500.54644775390625,978.14208984375,960.1093139648438,1155.1912841796875,507.10382080078125,977.5956420898438
459.0163879394531,1155.1912841796875,500.54644775390625,978.14208984375,960.1093139648438,1155.1912841796875,507.10382080078125,977.5956420898438
459.0163879394531,1155.1912841796875,500.54644775390625,978.14208984375,960.1093139648438,1155.1912841796875,507.10382080078125,977.5956420898438
462.8415222167969,1316.93994140625,513.6611938476562,649.1802978515625,462.8415222167969,1155.1912841796875,513.6611938476562,977.5956420898438
462.8415222167969,1316.93994140625,513.6611938476562,649.1802978515625,462.8415222167969,1155.1912841796875,513.6611938476562,977.5956420898438
455.7377014160156,1861.7486572265625,901.0928955078125,977.5956420898438,461.2021789550781,1271.0382080078125,513.6611938476562,977.5956420898438
455.7377014160156,1861.7486572265625,901.0928955078125,977.5956420898438,461.2021789550781,1271.0382080078125,513.6611938476562,977.5956420898438
455.7377014160156,1861.7486572265625,901.0928955078125,977.5956420898438,461.2021789550781,1271.0382080078125,513.6611938476562,977.5956420898438
1146.9945068359375,2547.541015625,854.098388671875,994.5355224609375,461.2021789550781,1316.93994140625,513.6611938476562,978.14208984375
1146.9945068359375,2547.541015625,854.098388671875,994.5355224609375,461.2021789550781,1316.93994140625,513.6611938476562,978.14208984375
963.3880004882812,1496.1748046875,509.28961181640625,970.4918212890625,462.8415222167969,1496.1748046875,513.6611938476562,977.5956420898438
963.3880004882812,1496.1748046875,509.28961181640625,970.4918212890625,462.8415222167969,1496.1748046875,513.6611938476562,977.5956420898438
963.3880004882812,1496.1748046875,509.28961181640625,970.4918212890625,462.8415222167969,1496.1748046875,513.6611938476562,977.5956420898438
812.0218505859375,1229.5081787109375,511.47540283203125,976.5027465820312,812.0218505859375,1496.1748046875,513.6611938476562,976.5027465820312
812.0218505859375,1229.5081787109375,511.47540283203125,976.5027465820312,812.0218505859375,1496.1748046875,513.6611938476562,976.5027465820312
465.5737609863281,1142.0765380859375,510.38250732421875,983.6065673828125,812.0218505859375,1496.1748046875,511.47540283203125,977.5956420898438
465.5737609863281,1142.0765380859375,510.38250732421875,983.6065673828125,812.0218505859375,1496.1748046875,511.47540283203125,977.5956420898438
465.5737609863281,1142.0765380859375,510.38250732421875,983.6065673828125,812.0218505859375,1496.1748046875,511.47540283203125,977.5956420898438
457.9234924316406,1155.7376708984375,507.10382080078125,987.9781494140625,812.0218505859375,1229.5081787109375,510.38250732421875,983.6065673828125
457.9234924316406,1155.7376708984375,507.10382080078125,987.9781494140625,812.0218505859375,1229.5081787109375,510.38250732421875,983.6065673828125
456.2841491699219,1272.131103515625,512.5682983398438,975.956298828125,465.5737609863281,1229.5081787109375,510.38250732421875,976.5027465820312
456.2841491699219,1272.131103515625,512.5682983398438,975.956298828125,465.5737609863281,1229.5081787109375,510.38250732421875,976.5027465820312
456.2841491699219,1272.131103515625,512.5682983398438,975.956298828125,465.5737609863281,1229.5081787109375,510.38250732421875,976.5027465820312
984.1530151367188,1459.5628662109375,528.9617309570312,595.0819702148438,465.5737609863281,1229.5081787109375,511.47540283203125,976.5027465820312
984.1530151367188,1459.5628662109375,528.9617309570312,595.0819702148438,465.5737609863281,1229.5081787109375,511.47540283203125,976.5027465820312
462.2950744628906,1274.8634033203125,522.4043579101562,969.9453735351562,462.2950744628906,1272.131103515625,512.5682983398438,975.956298828125
462.2950744628906,1274.8634033203125,522.4043579101562,969.9453735351562,462.2950744628906,1272.131103515625,512.5682983398438,975.956298828125
460.6557312011719,1145.355224609375,503.82513427734375,979.7814331054688,460.6557312011719,1272.131103515625,512.5682983398438,975.956298828125
460.6557312011719,1145.355224609375,503.82513427734375,979.7814331054688,460.6557312011719,1272.131103515625,512.5682983398438,975.956298828125
460.6557312011719,1145.355224609375,503.82513427734375,979.7814331054688,460.6557312011719,1272.131103515625,512.5682983398438,975.956298828125
541.530029296875,1262.841552734375,502.73223876953125,980.327880859375,462.2950744628906,1272.131103515625,512.5682983398438,975.956298828125
541.530029296875,1262.841552734375,502.73223876953125,980.327880859375,462.2950744628906,1272.131103515625,512.5682983398438,975.956298828125
545.901611328125,1248.08740234375,519.672119140625,978.6885375976562,541.530029296875,1262.841552734375,519.672119140625,978.6885375976562
545.901611328125,1248.08740234375,519.672119140625,978.6885375976562,541.530029296875,1262.841552734375,519.672119140625,978.6885375976562
545.901611328125,1248.08740234375,519.672119140625,978.6885375976562,541.530029296875,1262.841552734375,519.672119140625,978.6885375976562
501.0928955078125,823.4972534179688,508.19671630859375,984.699462890625,501.0928955078125,1248.08740234375,508.19671630859375,979.7814331054688
501.0928955078125,823.4972534179688,508.19671630859375,984.699462890625,501.0928955078125,1248.08740234375,508.19671630859375,979.7814331054688
497.814208984375,841.530029296875,508.19671630859375,982.513671875,501.0928955078125,1145.355224609375,508.19671630859375,980.327880859375
497.814208984375,841.530029296875,508.19671630859375,982.513671875,501.0928955078125,1145.355224609375,508.19671630859375,980.327880859375
497.814208984375,841.530029296875,508.19671630859375,982.513671875,501.0928955078125,1145.355224609375,508.19671630859375,980.327880859375
500.0,994.5355224609375,529.5081787109375,1010.3825073242188,501.0928955078125,994.5355224609375,508.19671630859375,982.513671875
500.0,994.5355224609375,529.5081787109375,1010.3825073242188,501.0928955078125,994.5355224609375,508.19671630859375,982.513671875
615.8469848632812,1284.1529541015625,497.814208984375,627.8688354492188,501.0928955078125,994.5355224609375,508.19671630859375,982.513671875
615.8469848632812,1284.1529541015625,497.814208984375,627.8688354492188,501.0928955078125,994.5355224609375,508.19671630859375,982.513671875
615.8469848632812,1284.1529541015625,497.814208984375,627.8688354492188,501.0928955078125,994.5355224609375,508.19671630859375,982.513671875
1023.4972534179688,1104.9180908203125,900.0,901.0928955078125,501.0928955078125,994.5355224609375,508.19671630859375,982.513671875
1023.4972534179688,1104.9180908203125,900.0,901.0928955078125,501.0928955078125,994.5355224609375,508.19671630859375,982.513671875
878.6885375976562,2624.043701171875,705.4644775390625,998.9071044921875,615.8469848632812,1104.9180908203125,529.5081787109375,982.513671875
878.6885375976562,2624.043701171875,705.4644775390625,998.9071044921875,615.8469848632812,1104.9180908203125,529.5081787109375,982.513671875
1108.19677734375,1755.1912841796875,513.11474609375,980.8743286132812,878.6885375976562,1284.1529541015625,529.5081787109375,980.8743286132812
1108.19677734375,1755.1912841796875,513.11474609375,980.8743286132812,878.6885375976562,1284.1529541015625,529.5081787109375,980.8743286132812
1108.19677734375,1755.1912841796875,513.11474609375,980.8743286132812,878.6885375976562,1284.1529541015625,529.5081787109375,980.8743286132812
701.0928955078125,1291.80322265625,515.8469848632812,987.4317016601562,878.6885375976562,1291.80322265625,515.8469848632812,980.8743286132812
701.0928955078125,1291.80322265625,515.8469848632812,987.4317016601562,878.6885375976562,1291.80322265625,515.8469848632812,980.8743286132812
631.6939697265625,1277.5955810546875,512.0218505859375,995.62841796875,878.6885375976562,1291.80322265625,515.8469848632812,987.4317016601562
631.6939697265625,1277.5955810546875,512.0218505859375,995.62841796875,878.6885375976562,1291.80322265625,515.8469848632812,987.4317016601562
631.6939697265625,1277.5955810546875,512.0218505859375,995.62841796875,878.6885375976562,1291.80322265625,515.8469848632812,987.4317016601562
1145.355224609375,2532.786865234375,575.4098510742188,981.9672241210938,878.6885375976562,1755.1912841796875,515.8469848632812,987.4317016601562
1145.355224609375,2532.786865234375,575.4098510742188,981.9672241210938,878.6885375976562,1755.1912841796875,515.8469848632812,987.4317016601562
541.530029296875,1265.02734375,508.19671630859375,977.0491943359375,701.0928955078125,1291.80322265625,513.11474609375,981.9672241210938
541.530029296875,1265.02734375,508.19671630859375,977.0491943359375,701.0928955078125,1291.80322265625,513.11474609375,981.9672241210938
541.530029296875,1265.02734375,508.19671630859375,977.0491943359375,701.0928955078125,1291.80322265625,513.11474609375,981.9672241210938
552.4590454101562,1268.8524169921875,574.3169555664062,501.0928955078125,631.6939697265625,1277.5955810546875,515.8469848632812,981.9672241210938
552.4590454101562,1268.8524169921875,574.3169555664062,501.0928955078125,631.6939697265625,1277.5955810546875,515.8469848632812,981.9672241210938
501.0928955078125,1266.6666259765625,499.45355224609375,597.814208984375,552.4590454101562,1268.8524169921875,512.0218505859375,977.0491943359375
501.0928955078125,1266.6666259765625,499.45355224609375,597.814208984375,552.4590454101562,1268.8524169921875,512.0218505859375,977.0491943359375
501.0928955078125,1266.6666259765625,499.45355224609375,597.814208984375,552.4590454101562,1268.8524169921875,512.0218505859375,977.0491943359375
502.73223876953125,1272.6776123046875,503.2786865234375,969.9453735351562,541.530029296875,1268.8524169921875,508.19671630859375,969.9453735351562
502.73223876953125,1272.6776123046875,503.2786865234375,969.9453735351562,541.530029296875,1268.8524169921875,508.19671630859375,969.9453735351562
960.1093139648438,1273.7705078125,516.3934326171875,977.5956420898438,541.530029296875,1268.8524169921875,508.19671630859375,969.9453735351562
960.1093139648438,1273.7705078125,516.3934326171875,977.5956420898438,541.530029296875,1268.8524169921875,508.19671630859375,969.9453735351562
960.1093139648438,1273.7705078125,516.3934326171875,977.5956420898438,541.530029296875,1268.8524169921875,508.19671630859375,969.9453735351562
930.0546264648438,1266.6666259765625,529.5081787109375,977.5956420898438,552.4590454101562,1268.8524169921875,516.3934326171875,969.9453735351562
930.0546264648438,1266.6666259765625,529.5081787109375,977.5956420898438,552.4590454101562,1268.8524169921875,516.3934326171875,969.9453735351562
964.4808959960938,1268.8524169921875,517.486328125,970.4918212890625,930.0546264648438,1268.8524169921875,516.3934326171875,970.4918212890625
964.4808959960938,1268.8524169921875,517.486328125,970.4918212890625,930.0546264648438,1268.8524169921875,516.3934326171875,970.4918212890625
973.2240600585938,1269.9453125,519.1256713867188,991.2568359375,960.1093139648438,1269.9453125,517.486328125,977.5956420898438
973.2240600585938,1269.9453125,519.1256713867188,991.2568359375,960.1093139648438,1269.9453125,517.486328125,977.5956420898438
973.2240600585938,1269.9453125,519.1256713867188,991.2568359375,960.1093139648438,1269.9453125,517.486328125,977.5956420898438
974.3169555664062,1272.6776123046875,529.5081787109375,981.9672241210938,964.4808959960938,1269.9453125,519.1256713867188,977.5956420898438
974.3169555664062,1272.6776123046875,529.5081787109375,981.9672241210938,964.4808959960938,1269.9453125,519.1256713867188,977.5956420898438
977.5956420898438,1287.431640625,502.73223876953125,620.2185668945312,973.2240600585938,1269.9453125,519.1256713867188,977.5956420898438
977.5956420898438,1287.431640625,502.73223876953125,620.2185668945312,973.2240600585938,1269.9453125,519.1256713867188,977.5956420898438
977.5956420898438,1287.431640625,502.73223876953125,620.2185668945312,973.2240600585938,1269.9453125,519.1256713867188,977.5956420898438
939.34423828125,1258.469970703125,902.185791015625,732.2404174804688,973.2240600585938,1269.9453125,519.1256713867188,970.4918212890625
939.34423828125,1258.469970703125,902.185791015625,732.2404174804688,973.2240600585938,1269.9453125,519.1256713867188,970.4918212890625
